{
  "ABIRoot": {
    "kind": "Root",
    "name": "USDInteropAdvancedSurgery",
    "printedName": "USDInteropAdvancedSurgery",
    "children": [
      {
        "kind": "Import",
        "name": "OpenUSD",
        "printedName": "OpenUSD",
        "declKind": "Import",
        "moduleName": "USDInteropAdvancedSurgery",
        "declAttributes": [
          "SPIAccessControl"
        ]
      },
      {
        "kind": "Import",
        "name": "CxxStdlib",
        "printedName": "CxxStdlib",
        "declKind": "Import",
        "moduleName": "USDInteropAdvancedSurgery"
      },
      {
        "kind": "Import",
        "name": "Foundation",
        "printedName": "Foundation",
        "declKind": "Import",
        "moduleName": "USDInteropAdvancedSurgery"
      },
      {
        "kind": "Import",
        "name": "OpenUSD",
        "printedName": "OpenUSD",
        "declKind": "Import",
        "moduleName": "USDInteropAdvancedSurgery",
        "declAttributes": [
          "SPIAccessControl"
        ]
      },
      {
        "kind": "Import",
        "name": "USDInteropAdvancedAppleTools",
        "printedName": "USDInteropAdvancedAppleTools",
        "declKind": "Import",
        "moduleName": "USDInteropAdvancedSurgery"
      },
      {
        "kind": "Import",
        "name": "USDInteropCxx",
        "printedName": "USDInteropCxx",
        "declKind": "Import",
        "moduleName": "USDInteropAdvancedSurgery"
      },
      {
        "kind": "Import",
        "name": "USDInterfaces",
        "printedName": "USDInterfaces",
        "declKind": "Import",
        "moduleName": "USDInteropAdvancedSurgery"
      },
      {
        "kind": "Import",
        "name": "USDInteropAdvancedCore",
        "printedName": "USDInteropAdvancedCore",
        "declKind": "Import",
        "moduleName": "USDInteropAdvancedSurgery"
      },
      {
        "kind": "Import",
        "name": "USDInteropAdvancedEditing",
        "printedName": "USDInteropAdvancedEditing",
        "declKind": "Import",
        "moduleName": "USDInteropAdvancedSurgery"
      },
      {
        "kind": "Import",
        "name": "USDInteropAdvancedPlugins",
        "printedName": "USDInteropAdvancedPlugins",
        "declKind": "Import",
        "moduleName": "USDInteropAdvancedSurgery"
      },
      {
        "kind": "TypeDecl",
        "name": "USDAdvancedClient",
        "printedName": "USDAdvancedClient",
        "children": [
          {
            "kind": "Function",
            "name": "remapSkeletonPaths",
            "printedName": "remapSkeletonPaths(source:target:map:output:)",
            "children": [
              {
                "kind": "TypeNominal",
                "name": "URL",
                "printedName": "Foundation.URL",
                "usr": "s:10Foundation3URLV"
              },
              {
                "kind": "TypeNominal",
                "name": "URL",
                "printedName": "Foundation.URL",
                "usr": "s:10Foundation3URLV"
              },
              {
                "kind": "TypeNominal",
                "name": "URL",
                "printedName": "Foundation.URL",
                "usr": "s:10Foundation3URLV"
              },
              {
                "kind": "TypeNominal",
                "name": "Dictionary",
                "printedName": "[Swift.String : Swift.String]",
                "children": [
                  {
                    "kind": "TypeNominal",
                    "name": "String",
                    "printedName": "Swift.String",
                    "usr": "s:SS"
                  },
                  {
                    "kind": "TypeNominal",
                    "name": "String",
                    "printedName": "Swift.String",
                    "usr": "s:SS"
                  }
                ],
                "usr": "s:SD"
              },
              {
                "kind": "TypeNominal",
                "name": "URL",
                "printedName": "Foundation.URL",
                "usr": "s:10Foundation3URLV"
              }
            ],
            "declKind": "Func",
            "usr": "s:22USDInteropAdvancedCore17USDAdvancedClientV0aB7SurgeryE18remapSkeletonPaths6source6target3map6output10Foundation3URLVAL_ALSDyS2SGALtYaKF",
            "mangledName": "$s22USDInteropAdvancedCore17USDAdvancedClientV0aB7SurgeryE18remapSkeletonPaths6source6target3map6output10Foundation3URLVAL_ALSDyS2SGALtYaKF",
            "moduleName": "USDInteropAdvancedSurgery",
            "isFromExtension": true,
            "throwing": true,
            "funcSelfKind": "NonMutating"
          },
          {
            "kind": "Function",
            "name": "setUpAxis",
            "printedName": "setUpAxis(source:targetAxis:output:)",
            "children": [
              {
                "kind": "TypeNominal",
                "name": "URL",
                "printedName": "Foundation.URL",
                "usr": "s:10Foundation3URLV"
              },
              {
                "kind": "TypeNominal",
                "name": "URL",
                "printedName": "Foundation.URL",
                "usr": "s:10Foundation3URLV"
              },
              {
                "kind": "TypeNominal",
                "name": "String",
                "printedName": "Swift.String",
                "usr": "s:SS"
              },
              {
                "kind": "TypeNominal",
                "name": "URL",
                "printedName": "Foundation.URL",
                "usr": "s:10Foundation3URLV"
              }
            ],
            "declKind": "Func",
            "usr": "s:22USDInteropAdvancedCore17USDAdvancedClientV0aB7SurgeryE9setUpAxis6source06targetI06output10Foundation3URLVAK_SSAKtYaKF",
            "mangledName": "$s22USDInteropAdvancedCore17USDAdvancedClientV0aB7SurgeryE9setUpAxis6source06targetI06output10Foundation3URLVAK_SSAKtYaKF",
            "moduleName": "USDInteropAdvancedSurgery",
            "isFromExtension": true,
            "throwing": true,
            "funcSelfKind": "NonMutating"
          },
          {
            "kind": "Function",
            "name": "flatten",
            "printedName": "flatten(source:output:)",
            "children": [
              {
                "kind": "TypeNominal",
                "name": "URL",
                "printedName": "Foundation.URL",
                "usr": "s:10Foundation3URLV"
              },
              {
                "kind": "TypeNominal",
                "name": "URL",
                "printedName": "Foundation.URL",
                "usr": "s:10Foundation3URLV"
              },
              {
                "kind": "TypeNominal",
                "name": "URL",
                "printedName": "Foundation.URL",
                "usr": "s:10Foundation3URLV"
              }
            ],
            "declKind": "Func",
            "usr": "s:22USDInteropAdvancedCore17USDAdvancedClientV0aB7SurgeryE7flatten6source6output10Foundation3URLVAJ_AJtYaKF",
            "mangledName": "$s22USDInteropAdvancedCore17USDAdvancedClientV0aB7SurgeryE7flatten6source6output10Foundation3URLVAJ_AJtYaKF",
            "moduleName": "USDInteropAdvancedSurgery",
            "isFromExtension": true,
            "throwing": true,
            "funcSelfKind": "NonMutating"
          },
          {
            "kind": "Function",
            "name": "convertToUsdz",
            "printedName": "convertToUsdz(source:output:)",
            "children": [
              {
                "kind": "TypeNominal",
                "name": "URL",
                "printedName": "Foundation.URL",
                "usr": "s:10Foundation3URLV"
              },
              {
                "kind": "TypeNominal",
                "name": "URL",
                "printedName": "Foundation.URL",
                "usr": "s:10Foundation3URLV"
              },
              {
                "kind": "TypeNominal",
                "name": "URL",
                "printedName": "Foundation.URL",
                "usr": "s:10Foundation3URLV"
              }
            ],
            "declKind": "Func",
            "usr": "s:22USDInteropAdvancedCore17USDAdvancedClientV0aB7SurgeryE13convertToUsdz6source6output10Foundation3URLVAJ_AJtYaKF",
            "mangledName": "$s22USDInteropAdvancedCore17USDAdvancedClientV0aB7SurgeryE13convertToUsdz6source6output10Foundation3URLVAJ_AJtYaKF",
            "moduleName": "USDInteropAdvancedSurgery",
            "isFromExtension": true,
            "throwing": true,
            "funcSelfKind": "NonMutating"
          },
          {
            "kind": "Function",
            "name": "setDefaultPrim",
            "printedName": "setDefaultPrim(source:primPath:output:)",
            "children": [
              {
                "kind": "TypeNominal",
                "name": "URL",
                "printedName": "Foundation.URL",
                "usr": "s:10Foundation3URLV"
              },
              {
                "kind": "TypeNominal",
                "name": "URL",
                "printedName": "Foundation.URL",
                "usr": "s:10Foundation3URLV"
              },
              {
                "kind": "TypeNominal",
                "name": "String",
                "printedName": "Swift.String",
                "usr": "s:SS"
              },
              {
                "kind": "TypeNominal",
                "name": "URL",
                "printedName": "Foundation.URL",
                "usr": "s:10Foundation3URLV"
              }
            ],
            "declKind": "Func",
            "usr": "s:22USDInteropAdvancedCore17USDAdvancedClientV0aB7SurgeryE14setDefaultPrim6source8primPath6output10Foundation3URLVAK_SSAKtYaKF",
            "mangledName": "$s22USDInteropAdvancedCore17USDAdvancedClientV0aB7SurgeryE14setDefaultPrim6source8primPath6output10Foundation3URLVAK_SSAKtYaKF",
            "moduleName": "USDInteropAdvancedSurgery",
            "isFromExtension": true,
            "throwing": true,
            "funcSelfKind": "NonMutating"
          },
          {
            "kind": "Function",
            "name": "setVariantSelection",
            "printedName": "setVariantSelection(source:primPath:setName:selectionId:output:)",
            "children": [
              {
                "kind": "TypeNominal",
                "name": "URL",
                "printedName": "Foundation.URL",
                "usr": "s:10Foundation3URLV"
              },
              {
                "kind": "TypeNominal",
                "name": "URL",
                "printedName": "Foundation.URL",
                "usr": "s:10Foundation3URLV"
              },
              {
                "kind": "TypeNominal",
                "name": "String",
                "printedName": "Swift.String",
                "usr": "s:SS"
              },
              {
                "kind": "TypeNominal",
                "name": "String",
                "printedName": "Swift.String",
                "usr": "s:SS"
              },
              {
                "kind": "TypeNominal",
                "name": "Optional",
                "printedName": "Swift.String?",
                "children": [
                  {
                    "kind": "TypeNominal",
                    "name": "String",
                    "printedName": "Swift.String",
                    "usr": "s:SS"
                  }
                ],
                "usr": "s:Sq"
              },
              {
                "kind": "TypeNominal",
                "name": "URL",
                "printedName": "Foundation.URL",
                "usr": "s:10Foundation3URLV"
              }
            ],
            "declKind": "Func",
            "usr": "s:22USDInteropAdvancedCore17USDAdvancedClientV0aB7SurgeryE19setVariantSelection6source8primPath0G4Name11selectionId6output10Foundation3URLVAM_S3SSgAMtYaKF",
            "mangledName": "$s22USDInteropAdvancedCore17USDAdvancedClientV0aB7SurgeryE19setVariantSelection6source8primPath0G4Name11selectionId6output10Foundation3URLVAM_S3SSgAMtYaKF",
            "moduleName": "USDInteropAdvancedSurgery",
            "isFromExtension": true,
            "throwing": true,
            "funcSelfKind": "NonMutating"
          },
          {
            "kind": "Function",
            "name": "addUVs",
            "printedName": "addUVs(source:primPath:output:)",
            "children": [
              {
                "kind": "TypeNominal",
                "name": "URL",
                "printedName": "Foundation.URL",
                "usr": "s:10Foundation3URLV"
              },
              {
                "kind": "TypeNominal",
                "name": "URL",
                "printedName": "Foundation.URL",
                "usr": "s:10Foundation3URLV"
              },
              {
                "kind": "TypeNominal",
                "name": "String",
                "printedName": "Swift.String",
                "usr": "s:SS"
              },
              {
                "kind": "TypeNominal",
                "name": "URL",
                "printedName": "Foundation.URL",
                "usr": "s:10Foundation3URLV"
              }
            ],
            "declKind": "Func",
            "usr": "s:22USDInteropAdvancedCore17USDAdvancedClientV0aB7SurgeryE6addUVs6source8primPath6output10Foundation3URLVAK_SSAKtYaKF",
            "mangledName": "$s22USDInteropAdvancedCore17USDAdvancedClientV0aB7SurgeryE6addUVs6source8primPath6output10Foundation3URLVAK_SSAKtYaKF",
            "moduleName": "USDInteropAdvancedSurgery",
            "isFromExtension": true,
            "throwing": true,
            "funcSelfKind": "NonMutating"
          },
          {
            "kind": "Function",
            "name": "bindMaterial",
            "printedName": "bindMaterial(source:primPath:materialPath:output:)",
            "children": [
              {
                "kind": "TypeNominal",
                "name": "URL",
                "printedName": "Foundation.URL",
                "usr": "s:10Foundation3URLV"
              },
              {
                "kind": "TypeNominal",
                "name": "URL",
                "printedName": "Foundation.URL",
                "usr": "s:10Foundation3URLV"
              },
              {
                "kind": "TypeNominal",
                "name": "String",
                "printedName": "Swift.String",
                "usr": "s:SS"
              },
              {
                "kind": "TypeNominal",
                "name": "String",
                "printedName": "Swift.String",
                "usr": "s:SS"
              },
              {
                "kind": "TypeNominal",
                "name": "URL",
                "printedName": "Foundation.URL",
                "usr": "s:10Foundation3URLV"
              }
            ],
            "declKind": "Func",
            "usr": "s:22USDInteropAdvancedCore17USDAdvancedClientV0aB7SurgeryE12bindMaterial6source8primPath08materialK06output10Foundation3URLVAL_S2SALtYaKF",
            "mangledName": "$s22USDInteropAdvancedCore17USDAdvancedClientV0aB7SurgeryE12bindMaterial6source8primPath08materialK06output10Foundation3URLVAL_S2SALtYaKF",
            "moduleName": "USDInteropAdvancedSurgery",
            "isFromExtension": true,
            "throwing": true,
            "funcSelfKind": "NonMutating"
          },
          {
            "kind": "Function",
            "name": "writeMaterialBindingOverrideLayer",
            "printedName": "writeMaterialBindingOverrideLayer(source:primPath:materialPath:output:)",
            "children": [
              {
                "kind": "TypeNominal",
                "name": "URL",
                "printedName": "Foundation.URL",
                "usr": "s:10Foundation3URLV"
              },
              {
                "kind": "TypeNominal",
                "name": "URL",
                "printedName": "Foundation.URL",
                "usr": "s:10Foundation3URLV"
              },
              {
                "kind": "TypeNominal",
                "name": "String",
                "printedName": "Swift.String",
                "usr": "s:SS"
              },
              {
                "kind": "TypeNominal",
                "name": "Optional",
                "printedName": "Swift.String?",
                "children": [
                  {
                    "kind": "TypeNominal",
                    "name": "String",
                    "printedName": "Swift.String",
                    "usr": "s:SS"
                  }
                ],
                "usr": "s:Sq"
              },
              {
                "kind": "TypeNominal",
                "name": "URL",
                "printedName": "Foundation.URL",
                "usr": "s:10Foundation3URLV"
              }
            ],
            "declKind": "Func",
            "usr": "s:22USDInteropAdvancedCore17USDAdvancedClientV0aB7SurgeryE33writeMaterialBindingOverrideLayer6source8primPath08materialN06output10Foundation3URLVAL_S2SSgALtYaKF",
            "mangledName": "$s22USDInteropAdvancedCore17USDAdvancedClientV0aB7SurgeryE33writeMaterialBindingOverrideLayer6source8primPath08materialN06output10Foundation3URLVAL_S2SSgALtYaKF",
            "moduleName": "USDInteropAdvancedSurgery",
            "declAttributes": [
              "RawDocComment"
            ],
            "isFromExtension": true,
            "throwing": true,
            "funcSelfKind": "NonMutating"
          },
          {
            "kind": "Function",
            "name": "setTexture",
            "printedName": "setTexture(source:materialPath:propertyName:texturePath:output:)",
            "children": [
              {
                "kind": "TypeNominal",
                "name": "URL",
                "printedName": "Foundation.URL",
                "usr": "s:10Foundation3URLV"
              },
              {
                "kind": "TypeNominal",
                "name": "URL",
                "printedName": "Foundation.URL",
                "usr": "s:10Foundation3URLV"
              },
              {
                "kind": "TypeNominal",
                "name": "String",
                "printedName": "Swift.String",
                "usr": "s:SS"
              },
              {
                "kind": "TypeNominal",
                "name": "String",
                "printedName": "Swift.String",
                "usr": "s:SS"
              },
              {
                "kind": "TypeNominal",
                "name": "String",
                "printedName": "Swift.String",
                "usr": "s:SS"
              },
              {
                "kind": "TypeNominal",
                "name": "URL",
                "printedName": "Foundation.URL",
                "usr": "s:10Foundation3URLV"
              }
            ],
            "declKind": "Func",
            "usr": "s:22USDInteropAdvancedCore17USDAdvancedClientV0aB7SurgeryE10setTexture6source12materialPath12propertyName07textureK06output10Foundation3URLVAM_S3SAMtYaKF",
            "mangledName": "$s22USDInteropAdvancedCore17USDAdvancedClientV0aB7SurgeryE10setTexture6source12materialPath12propertyName07textureK06output10Foundation3URLVAM_S3SAMtYaKF",
            "moduleName": "USDInteropAdvancedSurgery",
            "isFromExtension": true,
            "throwing": true,
            "funcSelfKind": "NonMutating"
          },
          {
            "kind": "Function",
            "name": "applyScale",
            "printedName": "applyScale(source:scale:output:)",
            "children": [
              {
                "kind": "TypeNominal",
                "name": "URL",
                "printedName": "Foundation.URL",
                "usr": "s:10Foundation3URLV"
              },
              {
                "kind": "TypeNominal",
                "name": "URL",
                "printedName": "Foundation.URL",
                "usr": "s:10Foundation3URLV"
              },
              {
                "kind": "TypeNominal",
                "name": "Double",
                "printedName": "Swift.Double",
                "usr": "s:Sd"
              },
              {
                "kind": "TypeNominal",
                "name": "URL",
                "printedName": "Foundation.URL",
                "usr": "s:10Foundation3URLV"
              }
            ],
            "declKind": "Func",
            "usr": "s:22USDInteropAdvancedCore17USDAdvancedClientV0aB7SurgeryE10applyScale6source5scale6output10Foundation3URLVAK_SdAKtYaKF",
            "mangledName": "$s22USDInteropAdvancedCore17USDAdvancedClientV0aB7SurgeryE10applyScale6source5scale6output10Foundation3URLVAK_SdAKtYaKF",
            "moduleName": "USDInteropAdvancedSurgery",
            "isFromExtension": true,
            "throwing": true,
            "funcSelfKind": "NonMutating"
          },
          {
            "kind": "Function",
            "name": "cleanupReferences",
            "printedName": "cleanupReferences(source:missingFilePath:output:)",
            "children": [
              {
                "kind": "TypeNominal",
                "name": "URL",
                "printedName": "Foundation.URL",
                "usr": "s:10Foundation3URLV"
              },
              {
                "kind": "TypeNominal",
                "name": "URL",
                "printedName": "Foundation.URL",
                "usr": "s:10Foundation3URLV"
              },
              {
                "kind": "TypeNominal",
                "name": "String",
                "printedName": "Swift.String",
                "usr": "s:SS"
              },
              {
                "kind": "TypeNominal",
                "name": "URL",
                "printedName": "Foundation.URL",
                "usr": "s:10Foundation3URLV"
              }
            ],
            "declKind": "Func",
            "usr": "s:22USDInteropAdvancedCore17USDAdvancedClientV0aB7SurgeryE17cleanupReferences6source15missingFilePath6output10Foundation3URLVAK_SSAKtYaKF",
            "mangledName": "$s22USDInteropAdvancedCore17USDAdvancedClientV0aB7SurgeryE17cleanupReferences6source15missingFilePath6output10Foundation3URLVAK_SSAKtYaKF",
            "moduleName": "USDInteropAdvancedSurgery",
            "isFromExtension": true,
            "throwing": true,
            "funcSelfKind": "NonMutating"
          },
          {
            "kind": "Function",
            "name": "applySchema",
            "printedName": "applySchema(source:primPath:schemaName:output:)",
            "children": [
              {
                "kind": "TypeNominal",
                "name": "URL",
                "printedName": "Foundation.URL",
                "usr": "s:10Foundation3URLV"
              },
              {
                "kind": "TypeNominal",
                "name": "URL",
                "printedName": "Foundation.URL",
                "usr": "s:10Foundation3URLV"
              },
              {
                "kind": "TypeNominal",
                "name": "String",
                "printedName": "Swift.String",
                "usr": "s:SS"
              },
              {
                "kind": "TypeNominal",
                "name": "String",
                "printedName": "Swift.String",
                "usr": "s:SS"
              },
              {
                "kind": "TypeNominal",
                "name": "URL",
                "printedName": "Foundation.URL",
                "usr": "s:10Foundation3URLV"
              }
            ],
            "declKind": "Func",
            "usr": "s:22USDInteropAdvancedCore17USDAdvancedClientV0aB7SurgeryE11applySchema6source8primPath10schemaName6output10Foundation3URLVAL_S2SALtYaKF",
            "mangledName": "$s22USDInteropAdvancedCore17USDAdvancedClientV0aB7SurgeryE11applySchema6source8primPath10schemaName6output10Foundation3URLVAL_S2SALtYaKF",
            "moduleName": "USDInteropAdvancedSurgery",
            "isFromExtension": true,
            "throwing": true,
            "funcSelfKind": "NonMutating"
          },
          {
            "kind": "Function",
            "name": "applyFixesBatch",
            "printedName": "applyFixesBatch(source:fixes:output:)",
            "children": [
              {
                "kind": "TypeNominal",
                "name": "URL",
                "printedName": "Foundation.URL",
                "usr": "s:10Foundation3URLV"
              },
              {
                "kind": "TypeNominal",
                "name": "URL",
                "printedName": "Foundation.URL",
                "usr": "s:10Foundation3URLV"
              },
              {
                "kind": "TypeNominal",
                "name": "Array",
                "printedName": "[USDInterfaces.USDFixAction]",
                "children": [
                  {
                    "kind": "TypeNominal",
                    "name": "USDFixAction",
                    "printedName": "USDInterfaces.USDFixAction",
                    "usr": "s:13USDInterfaces12USDFixActionO"
                  }
                ],
                "usr": "s:Sa"
              },
              {
                "kind": "TypeNominal",
                "name": "URL",
                "printedName": "Foundation.URL",
                "usr": "s:10Foundation3URLV"
              }
            ],
            "declKind": "Func",
            "usr": "s:22USDInteropAdvancedCore17USDAdvancedClientV0aB7SurgeryE15applyFixesBatch6source5fixes6output10Foundation3URLVAK_Say13USDInterfaces12USDFixActionOGAKtYaKF",
            "mangledName": "$s22USDInteropAdvancedCore17USDAdvancedClientV0aB7SurgeryE15applyFixesBatch6source5fixes6output10Foundation3URLVAK_Say13USDInterfaces12USDFixActionOGAKtYaKF",
            "moduleName": "USDInteropAdvancedSurgery",
            "isFromExtension": true,
            "throwing": true,
            "funcSelfKind": "NonMutating"
          },
          {
            "kind": "Function",
            "name": "setDoubleSided",
            "printedName": "setDoubleSided(source:primPath:value:output:)",
            "children": [
              {
                "kind": "TypeNominal",
                "name": "URL",
                "printedName": "Foundation.URL",
                "usr": "s:10Foundation3URLV"
              },
              {
                "kind": "TypeNominal",
                "name": "URL",
                "printedName": "Foundation.URL",
                "usr": "s:10Foundation3URLV"
              },
              {
                "kind": "TypeNominal",
                "name": "String",
                "printedName": "Swift.String",
                "usr": "s:SS"
              },
              {
                "kind": "TypeNominal",
                "name": "Bool",
                "printedName": "Swift.Bool",
                "usr": "s:Sb"
              },
              {
                "kind": "TypeNominal",
                "name": "URL",
                "printedName": "Foundation.URL",
                "usr": "s:10Foundation3URLV"
              }
            ],
            "declKind": "Func",
            "usr": "s:22USDInteropAdvancedCore17USDAdvancedClientV0aB7SurgeryE14setDoubleSided6source8primPath5value6output10Foundation3URLVAL_SSSbALtYaKF",
            "mangledName": "$s22USDInteropAdvancedCore17USDAdvancedClientV0aB7SurgeryE14setDoubleSided6source8primPath5value6output10Foundation3URLVAL_SSSbALtYaKF",
            "moduleName": "USDInteropAdvancedSurgery",
            "isFromExtension": true,
            "throwing": true,
            "funcSelfKind": "NonMutating"
          },
          {
            "kind": "Function",
            "name": "setSubdivisionScheme",
            "printedName": "setSubdivisionScheme(source:primPath:scheme:output:)",
            "children": [
              {
                "kind": "TypeNominal",
                "name": "URL",
                "printedName": "Foundation.URL",
                "usr": "s:10Foundation3URLV"
              },
              {
                "kind": "TypeNominal",
                "name": "URL",
                "printedName": "Foundation.URL",
                "usr": "s:10Foundation3URLV"
              },
              {
                "kind": "TypeNominal",
                "name": "String",
                "printedName": "Swift.String",
                "usr": "s:SS"
              },
              {
                "kind": "TypeNominal",
                "name": "String",
                "printedName": "Swift.String",
                "usr": "s:SS"
              },
              {
                "kind": "TypeNominal",
                "name": "URL",
                "printedName": "Foundation.URL",
                "usr": "s:10Foundation3URLV"
              }
            ],
            "declKind": "Func",
            "usr": "s:22USDInteropAdvancedCore17USDAdvancedClientV0aB7SurgeryE20setSubdivisionScheme6source8primPath6scheme6output10Foundation3URLVAL_S2SALtYaKF",
            "mangledName": "$s22USDInteropAdvancedCore17USDAdvancedClientV0aB7SurgeryE20setSubdivisionScheme6source8primPath6scheme6output10Foundation3URLVAL_S2SALtYaKF",
            "moduleName": "USDInteropAdvancedSurgery",
            "isFromExtension": true,
            "throwing": true,
            "funcSelfKind": "NonMutating"
          },
          {
            "kind": "Function",
            "name": "flattenNestedShader",
            "printedName": "flattenNestedShader(source:parentPath:childPath:output:)",
            "children": [
              {
                "kind": "TypeNominal",
                "name": "URL",
                "printedName": "Foundation.URL",
                "usr": "s:10Foundation3URLV"
              },
              {
                "kind": "TypeNominal",
                "name": "URL",
                "printedName": "Foundation.URL",
                "usr": "s:10Foundation3URLV"
              },
              {
                "kind": "TypeNominal",
                "name": "String",
                "printedName": "Swift.String",
                "usr": "s:SS"
              },
              {
                "kind": "TypeNominal",
                "name": "String",
                "printedName": "Swift.String",
                "usr": "s:SS"
              },
              {
                "kind": "TypeNominal",
                "name": "URL",
                "printedName": "Foundation.URL",
                "usr": "s:10Foundation3URLV"
              }
            ],
            "declKind": "Func",
            "usr": "s:22USDInteropAdvancedCore17USDAdvancedClientV0aB7SurgeryE19flattenNestedShader6source10parentPath05childL06output10Foundation3URLVAL_S2SALtYaKF",
            "mangledName": "$s22USDInteropAdvancedCore17USDAdvancedClientV0aB7SurgeryE19flattenNestedShader6source10parentPath05childL06output10Foundation3URLVAL_S2SALtYaKF",
            "moduleName": "USDInteropAdvancedSurgery",
            "isFromExtension": true,
            "throwing": true,
            "funcSelfKind": "NonMutating"
          },
          {
            "kind": "Function",
            "name": "fixShaderPropertyType",
            "printedName": "fixShaderPropertyType(source:primPath:inputName:expectedType:output:)",
            "children": [
              {
                "kind": "TypeNominal",
                "name": "URL",
                "printedName": "Foundation.URL",
                "usr": "s:10Foundation3URLV"
              },
              {
                "kind": "TypeNominal",
                "name": "URL",
                "printedName": "Foundation.URL",
                "usr": "s:10Foundation3URLV"
              },
              {
                "kind": "TypeNominal",
                "name": "String",
                "printedName": "Swift.String",
                "usr": "s:SS"
              },
              {
                "kind": "TypeNominal",
                "name": "String",
                "printedName": "Swift.String",
                "usr": "s:SS"
              },
              {
                "kind": "TypeNominal",
                "name": "String",
                "printedName": "Swift.String",
                "usr": "s:SS"
              },
              {
                "kind": "TypeNominal",
                "name": "URL",
                "printedName": "Foundation.URL",
                "usr": "s:10Foundation3URLV"
              }
            ],
            "declKind": "Func",
            "usr": "s:22USDInteropAdvancedCore17USDAdvancedClientV0aB7SurgeryE21fixShaderPropertyType6source8primPath9inputName08expectedJ06output10Foundation3URLVAM_S3SAMtYaKF",
            "mangledName": "$s22USDInteropAdvancedCore17USDAdvancedClientV0aB7SurgeryE21fixShaderPropertyType6source8primPath9inputName08expectedJ06output10Foundation3URLVAM_S3SAMtYaKF",
            "moduleName": "USDInteropAdvancedSurgery",
            "isFromExtension": true,
            "throwing": true,
            "funcSelfKind": "NonMutating"
          },
          {
            "kind": "Function",
            "name": "remapSkeletonPaths",
            "printedName": "remapSkeletonPaths(at:skeletonPath:animationPath:)",
            "children": [
              {
                "kind": "TypeNominal",
                "name": "URL",
                "printedName": "Foundation.URL",
                "usr": "s:10Foundation3URLV"
              },
              {
                "kind": "TypeNominal",
                "name": "URL",
                "printedName": "Foundation.URL",
                "usr": "s:10Foundation3URLV"
              },
              {
                "kind": "TypeNominal",
                "name": "String",
                "printedName": "Swift.String",
                "usr": "s:SS"
              },
              {
                "kind": "TypeNominal",
                "name": "String",
                "printedName": "Swift.String",
                "usr": "s:SS"
              }
            ],
            "declKind": "Func",
            "usr": "s:22USDInteropAdvancedCore17USDAdvancedClientV0aB7SurgeryE18remapSkeletonPaths2at12skeletonPath09animationL010Foundation3URLVAK_S2StKF",
            "mangledName": "$s22USDInteropAdvancedCore17USDAdvancedClientV0aB7SurgeryE18remapSkeletonPaths2at12skeletonPath09animationL010Foundation3URLVAK_S2StKF",
            "moduleName": "USDInteropAdvancedSurgery",
            "isFromExtension": true,
            "throwing": true,
            "funcSelfKind": "NonMutating"
          }
        ],
        "declKind": "Struct",
        "usr": "s:22USDInteropAdvancedCore17USDAdvancedClientV",
        "mangledName": "$s22USDInteropAdvancedCore17USDAdvancedClientV",
        "moduleName": "USDInteropAdvancedCore",
        "isExternal": true,
        "conformances": [
          {
            "kind": "Conformance",
            "name": "Sendable",
            "printedName": "Sendable",
            "usr": "s:s8SendableP",
            "mangledName": "$ss8SendableP"
          },
          {
            "kind": "Conformance",
            "name": "SendableMetatype",
            "printedName": "SendableMetatype",
            "usr": "s:s16SendableMetatypeP",
            "mangledName": "$ss16SendableMetatypeP"
          },
          {
            "kind": "Conformance",
            "name": "Copyable",
            "printedName": "Copyable",
            "usr": "s:s8CopyableP",
            "mangledName": "$ss8CopyableP"
          },
          {
            "kind": "Conformance",
            "name": "Escapable",
            "printedName": "Escapable",
            "usr": "s:s9EscapableP",
            "mangledName": "$ss9EscapableP"
          }
        ]
      }
    ],
    "json_format_version": 8
  },
  "ConstValues": []
}