{
  "ABIRoot": {
    "kind": "Root",
    "name": "USDInteropAdvancedInspection",
    "printedName": "USDInteropAdvancedInspection",
    "children": [
      {
        "kind": "Import",
        "name": "OpenUSD",
        "printedName": "OpenUSD",
        "declKind": "Import",
        "moduleName": "USDInteropAdvancedInspection",
        "declAttributes": [
          "SPIAccessControl"
        ]
      },
      {
        "kind": "Import",
        "name": "CxxStdlib",
        "printedName": "CxxStdlib",
        "declKind": "Import",
        "moduleName": "USDInteropAdvancedInspection"
      },
      {
        "kind": "Import",
        "name": "Foundation",
        "printedName": "Foundation",
        "declKind": "Import",
        "moduleName": "USDInteropAdvancedInspection"
      },
      {
        "kind": "Import",
        "name": "OpenUSD",
        "printedName": "OpenUSD",
        "declKind": "Import",
        "moduleName": "USDInteropAdvancedInspection",
        "declAttributes": [
          "SPIAccessControl"
        ]
      },
      {
        "kind": "Import",
        "name": "USDInteropCxx",
        "printedName": "USDInteropCxx",
        "declKind": "Import",
        "moduleName": "USDInteropAdvancedInspection"
      },
      {
        "kind": "Import",
        "name": "USDInterfaces",
        "printedName": "USDInterfaces",
        "declKind": "Import",
        "moduleName": "USDInteropAdvancedInspection"
      },
      {
        "kind": "Import",
        "name": "USDInteropAdvancedCore",
        "printedName": "USDInteropAdvancedCore",
        "declKind": "Import",
        "moduleName": "USDInteropAdvancedInspection"
      },
      {
        "kind": "Import",
        "name": "USDInteropAdvancedUtils",
        "printedName": "USDInteropAdvancedUtils",
        "declKind": "Import",
        "moduleName": "USDInteropAdvancedInspection"
      },
      {
        "kind": "TypeDecl",
        "name": "USDAdvancedClient",
        "printedName": "USDAdvancedClient",
        "children": [
          {
            "kind": "Function",
            "name": "stageMetadata",
            "printedName": "stageMetadata(url:)",
            "children": [
              {
                "kind": "TypeNominal",
                "name": "USDStageMetadata",
                "printedName": "USDInterfaces.USDStageMetadata",
                "usr": "s:13USDInterfaces16USDStageMetadataV"
              },
              {
                "kind": "TypeNominal",
                "name": "URL",
                "printedName": "Foundation.URL",
                "usr": "s:10Foundation3URLV"
              }
            ],
            "declKind": "Func",
            "usr": "s:22USDInteropAdvancedCore17USDAdvancedClientV0aB10InspectionE13stageMetadata3url13USDInterfaces08USDStageH0V10Foundation3URLV_tF",
            "mangledName": "$s22USDInteropAdvancedCore17USDAdvancedClientV0aB10InspectionE13stageMetadata3url13USDInterfaces08USDStageH0V10Foundation3URLV_tF",
            "moduleName": "USDInteropAdvancedInspection",
            "isFromExtension": true,
            "funcSelfKind": "NonMutating"
          },
          {
            "kind": "Function",
            "name": "primHierarchy",
            "printedName": "primHierarchy(url:)",
            "children": [
              {
                "kind": "TypeNominal",
                "name": "Optional",
                "printedName": "USDInterfaces.USDPrimTreeNode?",
                "children": [
                  {
                    "kind": "TypeNominal",
                    "name": "USDPrimTreeNode",
                    "printedName": "USDInterfaces.USDPrimTreeNode",
                    "usr": "s:13USDInterfaces15USDPrimTreeNodeV"
                  }
                ],
                "usr": "s:Sq"
              },
              {
                "kind": "TypeNominal",
                "name": "URL",
                "printedName": "Foundation.URL",
                "usr": "s:10Foundation3URLV"
              }
            ],
            "declKind": "Func",
            "usr": "s:22USDInteropAdvancedCore17USDAdvancedClientV0aB10InspectionE13primHierarchy3url13USDInterfaces15USDPrimTreeNodeVSg10Foundation3URLV_tF",
            "mangledName": "$s22USDInteropAdvancedCore17USDAdvancedClientV0aB10InspectionE13primHierarchy3url13USDInterfaces15USDPrimTreeNodeVSg10Foundation3URLV_tF",
            "moduleName": "USDInteropAdvancedInspection",
            "isFromExtension": true,
            "funcSelfKind": "NonMutating"
          },
          {
            "kind": "Function",
            "name": "primTransform",
            "printedName": "primTransform(url:path:)",
            "children": [
              {
                "kind": "TypeNominal",
                "name": "Optional",
                "printedName": "USDInterfaces.USDTransformData?",
                "children": [
                  {
                    "kind": "TypeNominal",
                    "name": "USDTransformData",
                    "printedName": "USDInterfaces.USDTransformData",
                    "usr": "s:13USDInterfaces16USDTransformDataV"
                  }
                ],
                "usr": "s:Sq"
              },
              {
                "kind": "TypeNominal",
                "name": "URL",
                "printedName": "Foundation.URL",
                "usr": "s:10Foundation3URLV"
              },
              {
                "kind": "TypeNominal",
                "name": "String",
                "printedName": "Swift.String",
                "usr": "s:SS"
              }
            ],
            "declKind": "Func",
            "usr": "s:22USDInteropAdvancedCore17USDAdvancedClientV0aB10InspectionE13primTransform3url4path13USDInterfaces16USDTransformDataVSg10Foundation3URLV_SStF",
            "mangledName": "$s22USDInteropAdvancedCore17USDAdvancedClientV0aB10InspectionE13primTransform3url4path13USDInterfaces16USDTransformDataVSg10Foundation3URLV_SStF",
            "moduleName": "USDInteropAdvancedInspection",
            "isFromExtension": true,
            "funcSelfKind": "NonMutating"
          },
          {
            "kind": "Function",
            "name": "primAttributes",
            "printedName": "primAttributes(url:path:)",
            "children": [
              {
                "kind": "TypeNominal",
                "name": "Optional",
                "printedName": "USDInterfaces.USDPrimAttributes?",
                "children": [
                  {
                    "kind": "TypeNominal",
                    "name": "USDPrimAttributes",
                    "printedName": "USDInterfaces.USDPrimAttributes",
                    "usr": "s:13USDInterfaces17USDPrimAttributesV"
                  }
                ],
                "usr": "s:Sq"
              },
              {
                "kind": "TypeNominal",
                "name": "URL",
                "printedName": "Foundation.URL",
                "usr": "s:10Foundation3URLV"
              },
              {
                "kind": "TypeNominal",
                "name": "String",
                "printedName": "Swift.String",
                "usr": "s:SS"
              }
            ],
            "declKind": "Func",
            "usr": "s:22USDInteropAdvancedCore17USDAdvancedClientV0aB10InspectionE14primAttributes3url4path13USDInterfaces07USDPrimH0VSg10Foundation3URLV_SStF",
            "mangledName": "$s22USDInteropAdvancedCore17USDAdvancedClientV0aB10InspectionE14primAttributes3url4path13USDInterfaces07USDPrimH0VSg10Foundation3URLV_SStF",
            "moduleName": "USDInteropAdvancedInspection",
            "isFromExtension": true,
            "funcSelfKind": "NonMutating"
          },
          {
            "kind": "Function",
            "name": "sceneStatistics",
            "printedName": "sceneStatistics(url:)",
            "children": [
              {
                "kind": "TypeNominal",
                "name": "USDGeometryStatistics",
                "printedName": "USDInterfaces.USDGeometryStatistics",
                "usr": "s:13USDInterfaces21USDGeometryStatisticsV"
              },
              {
                "kind": "TypeNominal",
                "name": "URL",
                "printedName": "Foundation.URL",
                "usr": "s:10Foundation3URLV"
              }
            ],
            "declKind": "Func",
            "usr": "s:22USDInteropAdvancedCore17USDAdvancedClientV0aB10InspectionE15sceneStatistics3url13USDInterfaces011USDGeometryH0V10Foundation3URLV_tF",
            "mangledName": "$s22USDInteropAdvancedCore17USDAdvancedClientV0aB10InspectionE15sceneStatistics3url13USDInterfaces011USDGeometryH0V10Foundation3URLV_tF",
            "moduleName": "USDInteropAdvancedInspection",
            "isFromExtension": true,
            "funcSelfKind": "NonMutating"
          },
          {
            "kind": "Function",
            "name": "primStatistics",
            "printedName": "primStatistics(url:path:)",
            "children": [
              {
                "kind": "TypeNominal",
                "name": "Optional",
                "printedName": "USDInterfaces.USDGeometryStatistics?",
                "children": [
                  {
                    "kind": "TypeNominal",
                    "name": "USDGeometryStatistics",
                    "printedName": "USDInterfaces.USDGeometryStatistics",
                    "usr": "s:13USDInterfaces21USDGeometryStatisticsV"
                  }
                ],
                "usr": "s:Sq"
              },
              {
                "kind": "TypeNominal",
                "name": "URL",
                "printedName": "Foundation.URL",
                "usr": "s:10Foundation3URLV"
              },
              {
                "kind": "TypeNominal",
                "name": "String",
                "printedName": "Swift.String",
                "usr": "s:SS"
              }
            ],
            "declKind": "Func",
            "usr": "s:22USDInteropAdvancedCore17USDAdvancedClientV0aB10InspectionE14primStatistics3url4path13USDInterfaces011USDGeometryH0VSg10Foundation3URLV_SStF",
            "mangledName": "$s22USDInteropAdvancedCore17USDAdvancedClientV0aB10InspectionE14primStatistics3url4path13USDInterfaces011USDGeometryH0VSg10Foundation3URLV_SStF",
            "moduleName": "USDInteropAdvancedInspection",
            "isFromExtension": true,
            "funcSelfKind": "NonMutating"
          },
          {
            "kind": "Function",
            "name": "modelInfo",
            "printedName": "modelInfo(url:)",
            "children": [
              {
                "kind": "TypeNominal",
                "name": "USDModelInfo",
                "printedName": "USDInterfaces.USDModelInfo",
                "usr": "s:13USDInterfaces12USDModelInfoV"
              },
              {
                "kind": "TypeNominal",
                "name": "URL",
                "printedName": "Foundation.URL",
                "usr": "s:10Foundation3URLV"
              }
            ],
            "declKind": "Func",
            "usr": "s:22USDInteropAdvancedCore17USDAdvancedClientV0aB10InspectionE9modelInfo3url13USDInterfaces08USDModelH0V10Foundation3URLV_tF",
            "mangledName": "$s22USDInteropAdvancedCore17USDAdvancedClientV0aB10InspectionE9modelInfo3url13USDInterfaces08USDModelH0V10Foundation3URLV_tF",
            "moduleName": "USDInteropAdvancedInspection",
            "isFromExtension": true,
            "funcSelfKind": "NonMutating"
          },
          {
            "kind": "Function",
            "name": "allMaterials",
            "printedName": "allMaterials(url:)",
            "children": [
              {
                "kind": "TypeNominal",
                "name": "Array",
                "printedName": "[USDInterfaces.USDMaterialInfo]",
                "children": [
                  {
                    "kind": "TypeNominal",
                    "name": "USDMaterialInfo",
                    "printedName": "USDInterfaces.USDMaterialInfo",
                    "usr": "s:13USDInterfaces15USDMaterialInfoV"
                  }
                ],
                "usr": "s:Sa"
              },
              {
                "kind": "TypeNominal",
                "name": "URL",
                "printedName": "Foundation.URL",
                "usr": "s:10Foundation3URLV"
              }
            ],
            "declKind": "Func",
            "usr": "s:22USDInteropAdvancedCore17USDAdvancedClientV0aB10InspectionE12allMaterials3urlSay13USDInterfaces15USDMaterialInfoVG10Foundation3URLV_tF",
            "mangledName": "$s22USDInteropAdvancedCore17USDAdvancedClientV0aB10InspectionE12allMaterials3urlSay13USDInterfaces15USDMaterialInfoVG10Foundation3URLV_tF",
            "moduleName": "USDInteropAdvancedInspection",
            "isFromExtension": true,
            "funcSelfKind": "NonMutating"
          },
          {
            "kind": "Function",
            "name": "materialBinding",
            "printedName": "materialBinding(url:path:)",
            "children": [
              {
                "kind": "TypeNominal",
                "name": "Optional",
                "printedName": "Swift.String?",
                "children": [
                  {
                    "kind": "TypeNominal",
                    "name": "String",
                    "printedName": "Swift.String",
                    "usr": "s:SS"
                  }
                ],
                "usr": "s:Sq"
              },
              {
                "kind": "TypeNominal",
                "name": "URL",
                "printedName": "Foundation.URL",
                "usr": "s:10Foundation3URLV"
              },
              {
                "kind": "TypeNominal",
                "name": "String",
                "printedName": "Swift.String",
                "usr": "s:SS"
              }
            ],
            "declKind": "Func",
            "usr": "s:22USDInteropAdvancedCore17USDAdvancedClientV0aB10InspectionE15materialBinding3url4pathSSSg10Foundation3URLV_SStF",
            "mangledName": "$s22USDInteropAdvancedCore17USDAdvancedClientV0aB10InspectionE15materialBinding3url4pathSSSg10Foundation3URLV_SStF",
            "moduleName": "USDInteropAdvancedInspection",
            "isFromExtension": true,
            "funcSelfKind": "NonMutating"
          },
          {
            "kind": "Function",
            "name": "checkDependencies",
            "printedName": "checkDependencies(assetPath:)",
            "children": [
              {
                "kind": "TypeNominal",
                "name": "USDDependencyCheckResult",
                "printedName": "USDInterfaces.USDDependencyCheckResult",
                "usr": "s:13USDInterfaces24USDDependencyCheckResultV"
              },
              {
                "kind": "TypeNominal",
                "name": "String",
                "printedName": "Swift.String",
                "usr": "s:SS"
              }
            ],
            "declKind": "Func",
            "usr": "s:22USDInteropAdvancedCore17USDAdvancedClientV0aB10InspectionE17checkDependencies9assetPath13USDInterfaces24USDDependencyCheckResultVSS_tF",
            "mangledName": "$s22USDInteropAdvancedCore17USDAdvancedClientV0aB10InspectionE17checkDependencies9assetPath13USDInterfaces24USDDependencyCheckResultVSS_tF",
            "moduleName": "USDInteropAdvancedInspection",
            "isFromExtension": true,
            "funcSelfKind": "NonMutating"
          },
          {
            "kind": "Function",
            "name": "readTexture",
            "printedName": "readTexture(_:from:)",
            "children": [
              {
                "kind": "TypeNominal",
                "name": "Optional",
                "printedName": "Foundation.Data?",
                "children": [
                  {
                    "kind": "TypeNominal",
                    "name": "Data",
                    "printedName": "Foundation.Data",
                    "usr": "s:10Foundation4DataV"
                  }
                ],
                "usr": "s:Sq"
              },
              {
                "kind": "TypeNominal",
                "name": "String",
                "printedName": "Swift.String",
                "usr": "s:SS"
              },
              {
                "kind": "TypeNominal",
                "name": "URL",
                "printedName": "Foundation.URL",
                "usr": "s:10Foundation3URLV"
              }
            ],
            "declKind": "Func",
            "usr": "s:22USDInteropAdvancedCore17USDAdvancedClientV0aB10InspectionE11readTexture_4from10Foundation4DataVSgSS_AG3URLVtF",
            "mangledName": "$s22USDInteropAdvancedCore17USDAdvancedClientV0aB10InspectionE11readTexture_4from10Foundation4DataVSgSS_AG3URLVtF",
            "moduleName": "USDInteropAdvancedInspection",
            "isFromExtension": true,
            "funcSelfKind": "NonMutating"
          }
        ],
        "declKind": "Struct",
        "usr": "s:22USDInteropAdvancedCore17USDAdvancedClientV",
        "mangledName": "$s22USDInteropAdvancedCore17USDAdvancedClientV",
        "moduleName": "USDInteropAdvancedCore",
        "isExternal": true,
        "conformances": [
          {
            "kind": "Conformance",
            "name": "Sendable",
            "printedName": "Sendable",
            "usr": "s:s8SendableP",
            "mangledName": "$ss8SendableP"
          },
          {
            "kind": "Conformance",
            "name": "SendableMetatype",
            "printedName": "SendableMetatype",
            "usr": "s:s16SendableMetatypeP",
            "mangledName": "$ss16SendableMetatypeP"
          },
          {
            "kind": "Conformance",
            "name": "Copyable",
            "printedName": "Copyable",
            "usr": "s:s8CopyableP",
            "mangledName": "$ss8CopyableP"
          },
          {
            "kind": "Conformance",
            "name": "Escapable",
            "printedName": "Escapable",
            "usr": "s:s9EscapableP",
            "mangledName": "$ss9EscapableP"
          }
        ]
      }
    ],
    "json_format_version": 8
  },
  "ConstValues": [
    {
      "filePath": "\/Volumes\/Plutonian\/_Developer\/USDInteropAdvanced\/Sources\/USDInteropAdvancedInspection\/USDAdvancedInspection.swift",
      "kind": "StringLiteral",
      "offset": 26677,
      "length": 2,
      "value": "\"\""
    },
    {
      "filePath": "\/Volumes\/Plutonian\/_Developer\/USDInteropAdvanced\/Sources\/USDInteropAdvancedInspection\/USDAdvancedInspection.swift",
      "kind": "IntegerLiteral",
      "offset": 26694,
      "length": 1,
      "value": "0"
    }
  ]
}