{
  "ABIRoot": {
    "kind": "Root",
    "name": "AppleUSDSchemasUSD",
    "printedName": "AppleUSDSchemasUSD",
    "children": [
      {
        "kind": "Import",
        "name": "Foundation",
        "printedName": "Foundation",
        "declKind": "Import",
        "moduleName": "AppleUSDSchemasUSD"
      },
      {
        "kind": "Import",
        "name": "CxxStdlib",
        "printedName": "CxxStdlib",
        "declKind": "Import",
        "moduleName": "AppleUSDSchemasUSD"
      },
      {
        "kind": "Import",
        "name": "AppleUSDSchemas",
        "printedName": "AppleUSDSchemas",
        "declKind": "Import",
        "moduleName": "AppleUSDSchemasUSD"
      },
      {
        "kind": "Import",
        "name": "OpenUSD",
        "printedName": "OpenUSD",
        "declKind": "Import",
        "moduleName": "AppleUSDSchemasUSD",
        "declAttributes": [
          "SPIAccessControl"
        ]
      },
      {
        "kind": "Import",
        "name": "Foundation",
        "printedName": "Foundation",
        "declKind": "Import",
        "moduleName": "AppleUSDSchemasUSD"
      },
      {
        "kind": "Import",
        "name": "CxxStdlib",
        "printedName": "CxxStdlib",
        "declKind": "Import",
        "moduleName": "AppleUSDSchemasUSD"
      },
      {
        "kind": "Import",
        "name": "AppleUSDSchemas",
        "printedName": "AppleUSDSchemas",
        "declKind": "Import",
        "moduleName": "AppleUSDSchemasUSD"
      },
      {
        "kind": "Import",
        "name": "Foundation",
        "printedName": "Foundation",
        "declKind": "Import",
        "moduleName": "AppleUSDSchemasUSD"
      },
      {
        "kind": "Import",
        "name": "CxxStdlib",
        "printedName": "CxxStdlib",
        "declKind": "Import",
        "moduleName": "AppleUSDSchemasUSD"
      },
      {
        "kind": "Import",
        "name": "AppleUSDSchemas",
        "printedName": "AppleUSDSchemas",
        "declKind": "Import",
        "moduleName": "AppleUSDSchemasUSD"
      },
      {
        "kind": "Import",
        "name": "Foundation",
        "printedName": "Foundation",
        "declKind": "Import",
        "moduleName": "AppleUSDSchemasUSD"
      },
      {
        "kind": "Import",
        "name": "AppleUSDSchemas",
        "printedName": "AppleUSDSchemas",
        "declKind": "Import",
        "moduleName": "AppleUSDSchemasUSD"
      },
      {
        "kind": "TypeDecl",
        "name": "CustomComponentReader",
        "printedName": "CustomComponentReader",
        "children": [
          {
            "kind": "Function",
            "name": "extractAll",
            "printedName": "extractAll(from:)",
            "children": [
              {
                "kind": "TypeNominal",
                "name": "Array",
                "printedName": "[AppleUSDSchemas.CustomComponent]",
                "children": [
                  {
                    "kind": "TypeNominal",
                    "name": "CustomComponent",
                    "printedName": "AppleUSDSchemas.CustomComponent",
                    "usr": "s:15AppleUSDSchemas15CustomComponentV"
                  }
                ],
                "usr": "s:Sa"
              },
              {
                "kind": "TypeNominal",
                "name": "UsdPrim",
                "printedName": "__ObjC.pxrInternal_v0_25_8__pxrReserved__.UsdPrim",
                "usr": "c:@N@pxrInternal_v0_25_8__pxrReserved__@S@UsdPrim"
              }
            ],
            "declKind": "Func",
            "usr": "s:18AppleUSDSchemasUSD21CustomComponentReaderV10extractAll4fromSay0aB00dE0VGSo021pxrInternal_v0_25_8__J10Reserved__O7UsdPrimV_tFZ",
            "mangledName": "$s18AppleUSDSchemasUSD21CustomComponentReaderV10extractAll4fromSay0aB00dE0VGSo021pxrInternal_v0_25_8__J10Reserved__O7UsdPrimV_tFZ",
            "moduleName": "AppleUSDSchemasUSD",
            "static": true,
            "declAttributes": [
              "AccessControl",
              "RawDocComment"
            ],
            "spi_group_names": [
              "Internal"
            ],
            "funcSelfKind": "NonMutating"
          },
          {
            "kind": "Function",
            "name": "extractAll",
            "printedName": "extractAll(from:)",
            "children": [
              {
                "kind": "TypeNominal",
                "name": "Array",
                "printedName": "[(primPath: Swift.String, components: [AppleUSDSchemas.CustomComponent])]",
                "children": [
                  {
                    "kind": "TypeNominal",
                    "name": "Tuple",
                    "printedName": "(primPath: Swift.String, components: [AppleUSDSchemas.CustomComponent])",
                    "children": [
                      {
                        "kind": "TypeNominal",
                        "name": "String",
                        "printedName": "Swift.String",
                        "usr": "s:SS"
                      },
                      {
                        "kind": "TypeNominal",
                        "name": "Array",
                        "printedName": "[AppleUSDSchemas.CustomComponent]",
                        "children": [
                          {
                            "kind": "TypeNominal",
                            "name": "CustomComponent",
                            "printedName": "AppleUSDSchemas.CustomComponent",
                            "usr": "s:15AppleUSDSchemas15CustomComponentV"
                          }
                        ],
                        "usr": "s:Sa"
                      }
                    ]
                  }
                ],
                "usr": "s:Sa"
              },
              {
                "kind": "TypeNominal",
                "name": "UsdStage",
                "printedName": "__ObjC.pxrInternal_v0_25_8__pxrReserved__.UsdStage",
                "usr": "c:@N@pxrInternal_v0_25_8__pxrReserved__@S@UsdStage"
              }
            ],
            "declKind": "Func",
            "usr": "s:18AppleUSDSchemasUSD21CustomComponentReaderV10extractAll4fromSaySS8primPath_Say0aB00dE0VG10componentstGSo021pxrInternal_v0_25_8__M10Reserved__O8UsdStageV_tFZ",
            "mangledName": "$s18AppleUSDSchemasUSD21CustomComponentReaderV10extractAll4fromSaySS8primPath_Say0aB00dE0VG10componentstGSo021pxrInternal_v0_25_8__M10Reserved__O8UsdStageV_tFZ",
            "moduleName": "AppleUSDSchemasUSD",
            "static": true,
            "declAttributes": [
              "AccessControl",
              "RawDocComment"
            ],
            "spi_group_names": [
              "Internal"
            ],
            "funcSelfKind": "NonMutating"
          }
        ],
        "declKind": "Struct",
        "usr": "s:18AppleUSDSchemasUSD21CustomComponentReaderV",
        "mangledName": "$s18AppleUSDSchemasUSD21CustomComponentReaderV",
        "moduleName": "AppleUSDSchemasUSD",
        "declAttributes": [
          "AccessControl",
          "SPIAccessControl",
          "RawDocComment"
        ],
        "spi_group_names": [
          "Internal"
        ],
        "conformances": [
          {
            "kind": "Conformance",
            "name": "Copyable",
            "printedName": "Copyable",
            "usr": "s:s8CopyableP",
            "mangledName": "$ss8CopyableP"
          },
          {
            "kind": "Conformance",
            "name": "Escapable",
            "printedName": "Escapable",
            "usr": "s:s9EscapableP",
            "mangledName": "$ss9EscapableP"
          }
        ]
      },
      {
        "kind": "Import",
        "name": "Foundation",
        "printedName": "Foundation",
        "declKind": "Import",
        "moduleName": "AppleUSDSchemasUSD"
      },
      {
        "kind": "Import",
        "name": "CxxStdlib",
        "printedName": "CxxStdlib",
        "declKind": "Import",
        "moduleName": "AppleUSDSchemasUSD"
      },
      {
        "kind": "Import",
        "name": "AppleUSDSchemas",
        "printedName": "AppleUSDSchemas",
        "declKind": "Import",
        "moduleName": "AppleUSDSchemasUSD"
      },
      {
        "kind": "Import",
        "name": "Foundation",
        "printedName": "Foundation",
        "declKind": "Import",
        "moduleName": "AppleUSDSchemasUSD"
      },
      {
        "kind": "Import",
        "name": "CxxStdlib",
        "printedName": "CxxStdlib",
        "declKind": "Import",
        "moduleName": "AppleUSDSchemasUSD"
      },
      {
        "kind": "Import",
        "name": "AppleUSDSchemas",
        "printedName": "AppleUSDSchemas",
        "declKind": "Import",
        "moduleName": "AppleUSDSchemasUSD"
      },
      {
        "kind": "Import",
        "name": "Foundation",
        "printedName": "Foundation",
        "declKind": "Import",
        "moduleName": "AppleUSDSchemasUSD"
      },
      {
        "kind": "Import",
        "name": "CxxStdlib",
        "printedName": "CxxStdlib",
        "declKind": "Import",
        "moduleName": "AppleUSDSchemasUSD"
      },
      {
        "kind": "Import",
        "name": "AppleUSDSchemas",
        "printedName": "AppleUSDSchemas",
        "declKind": "Import",
        "moduleName": "AppleUSDSchemasUSD"
      },
      {
        "kind": "Import",
        "name": "Foundation",
        "printedName": "Foundation",
        "declKind": "Import",
        "moduleName": "AppleUSDSchemasUSD"
      },
      {
        "kind": "Import",
        "name": "AppleUSDSchemas",
        "printedName": "AppleUSDSchemas",
        "declKind": "Import",
        "moduleName": "AppleUSDSchemasUSD"
      },
      {
        "kind": "Import",
        "name": "Foundation",
        "printedName": "Foundation",
        "declKind": "Import",
        "moduleName": "AppleUSDSchemasUSD"
      },
      {
        "kind": "Import",
        "name": "AppleUSDSchemas",
        "printedName": "AppleUSDSchemas",
        "declKind": "Import",
        "moduleName": "AppleUSDSchemasUSD"
      },
      {
        "kind": "Import",
        "name": "Foundation",
        "printedName": "Foundation",
        "declKind": "Import",
        "moduleName": "AppleUSDSchemasUSD"
      },
      {
        "kind": "Import",
        "name": "CxxStdlib",
        "printedName": "CxxStdlib",
        "declKind": "Import",
        "moduleName": "AppleUSDSchemasUSD"
      },
      {
        "kind": "Import",
        "name": "AppleUSDSchemas",
        "printedName": "AppleUSDSchemas",
        "declKind": "Import",
        "moduleName": "AppleUSDSchemasUSD"
      },
      {
        "kind": "Import",
        "name": "Foundation",
        "printedName": "Foundation",
        "declKind": "Import",
        "moduleName": "AppleUSDSchemasUSD"
      },
      {
        "kind": "Import",
        "name": "CxxStdlib",
        "printedName": "CxxStdlib",
        "declKind": "Import",
        "moduleName": "AppleUSDSchemasUSD"
      },
      {
        "kind": "Import",
        "name": "AppleUSDSchemas",
        "printedName": "AppleUSDSchemas",
        "declKind": "Import",
        "moduleName": "AppleUSDSchemasUSD"
      },
      {
        "kind": "TypeDecl",
        "name": "RealityKitTimeline",
        "printedName": "RealityKitTimeline",
        "children": [
          {
            "kind": "Function",
            "name": "extract",
            "printedName": "extract(from:)",
            "children": [
              {
                "kind": "TypeNominal",
                "name": "Optional",
                "printedName": "AppleUSDSchemas.RealityKitTimeline?",
                "children": [
                  {
                    "kind": "TypeNominal",
                    "name": "RealityKitTimeline",
                    "printedName": "AppleUSDSchemas.RealityKitTimeline",
                    "usr": "s:15AppleUSDSchemas18RealityKitTimelineV"
                  }
                ],
                "usr": "s:Sq"
              },
              {
                "kind": "TypeNominal",
                "name": "UsdPrim",
                "printedName": "__ObjC.pxrInternal_v0_25_8__pxrReserved__.UsdPrim",
                "usr": "c:@N@pxrInternal_v0_25_8__pxrReserved__@S@UsdPrim"
              }
            ],
            "declKind": "Func",
            "usr": "s:15AppleUSDSchemas18RealityKitTimelineV0aB3USDE7extract4fromACSgSo021pxrInternal_v0_25_8__I10Reserved__O7UsdPrimV_tFZ",
            "mangledName": "$s15AppleUSDSchemas18RealityKitTimelineV0aB3USDE7extract4fromACSgSo021pxrInternal_v0_25_8__I10Reserved__O7UsdPrimV_tFZ",
            "moduleName": "AppleUSDSchemasUSD",
            "static": true,
            "declAttributes": [
              "AccessControl",
              "RawDocComment"
            ],
            "isFromExtension": true,
            "spi_group_names": [
              "Internal"
            ],
            "funcSelfKind": "NonMutating"
          },
          {
            "kind": "Function",
            "name": "extractAll",
            "printedName": "extractAll(from:)",
            "children": [
              {
                "kind": "TypeNominal",
                "name": "Array",
                "printedName": "[AppleUSDSchemas.RealityKitTimeline]",
                "children": [
                  {
                    "kind": "TypeNominal",
                    "name": "RealityKitTimeline",
                    "printedName": "AppleUSDSchemas.RealityKitTimeline",
                    "usr": "s:15AppleUSDSchemas18RealityKitTimelineV"
                  }
                ],
                "usr": "s:Sa"
              },
              {
                "kind": "TypeNominal",
                "name": "UsdStage",
                "printedName": "__ObjC.pxrInternal_v0_25_8__pxrReserved__.UsdStage",
                "usr": "c:@N@pxrInternal_v0_25_8__pxrReserved__@S@UsdStage"
              }
            ],
            "declKind": "Func",
            "usr": "s:15AppleUSDSchemas18RealityKitTimelineV0aB3USDE10extractAll4fromSayACGSo021pxrInternal_v0_25_8__J10Reserved__O8UsdStageV_tFZ",
            "mangledName": "$s15AppleUSDSchemas18RealityKitTimelineV0aB3USDE10extractAll4fromSayACGSo021pxrInternal_v0_25_8__J10Reserved__O8UsdStageV_tFZ",
            "moduleName": "AppleUSDSchemasUSD",
            "static": true,
            "declAttributes": [
              "AccessControl"
            ],
            "isFromExtension": true,
            "spi_group_names": [
              "Internal"
            ],
            "funcSelfKind": "NonMutating"
          },
          {
            "kind": "Function",
            "name": "define",
            "printedName": "define(in:)",
            "children": [
              {
                "kind": "TypeNominal",
                "name": "UsdPrim",
                "printedName": "__ObjC.pxrInternal_v0_25_8__pxrReserved__.UsdPrim",
                "usr": "c:@N@pxrInternal_v0_25_8__pxrReserved__@S@UsdPrim"
              },
              {
                "kind": "TypeNominal",
                "name": "UsdStage",
                "printedName": "__ObjC.pxrInternal_v0_25_8__pxrReserved__.UsdStage",
                "usr": "c:@N@pxrInternal_v0_25_8__pxrReserved__@S@UsdStage"
              }
            ],
            "declKind": "Func",
            "usr": "s:15AppleUSDSchemas18RealityKitTimelineV0aB3USDE6define2inSo021pxrInternal_v0_25_8__I10Reserved__O7UsdPrimVAH0M5StageV_tF",
            "mangledName": "$s15AppleUSDSchemas18RealityKitTimelineV0aB3USDE6define2inSo021pxrInternal_v0_25_8__I10Reserved__O7UsdPrimVAH0M5StageV_tF",
            "moduleName": "AppleUSDSchemasUSD",
            "declAttributes": [
              "AccessControl"
            ],
            "isFromExtension": true,
            "spi_group_names": [
              "Internal"
            ],
            "funcSelfKind": "NonMutating"
          }
        ],
        "declKind": "Struct",
        "usr": "s:15AppleUSDSchemas18RealityKitTimelineV",
        "mangledName": "$s15AppleUSDSchemas18RealityKitTimelineV",
        "moduleName": "AppleUSDSchemas",
        "isExternal": true,
        "conformances": [
          {
            "kind": "Conformance",
            "name": "Sendable",
            "printedName": "Sendable",
            "usr": "s:s8SendableP",
            "mangledName": "$ss8SendableP"
          },
          {
            "kind": "Conformance",
            "name": "Equatable",
            "printedName": "Equatable",
            "usr": "s:SQ",
            "mangledName": "$sSQ"
          },
          {
            "kind": "Conformance",
            "name": "SendableMetatype",
            "printedName": "SendableMetatype",
            "usr": "s:s16SendableMetatypeP",
            "mangledName": "$ss16SendableMetatypeP"
          },
          {
            "kind": "Conformance",
            "name": "Copyable",
            "printedName": "Copyable",
            "usr": "s:s8CopyableP",
            "mangledName": "$ss8CopyableP"
          },
          {
            "kind": "Conformance",
            "name": "Escapable",
            "printedName": "Escapable",
            "usr": "s:s9EscapableP",
            "mangledName": "$ss9EscapableP"
          }
        ]
      },
      {
        "kind": "TypeDecl",
        "name": "RealityKitTrack",
        "printedName": "RealityKitTrack",
        "children": [
          {
            "kind": "Function",
            "name": "extract",
            "printedName": "extract(from:)",
            "children": [
              {
                "kind": "TypeNominal",
                "name": "Optional",
                "printedName": "AppleUSDSchemas.RealityKitTrack?",
                "children": [
                  {
                    "kind": "TypeNominal",
                    "name": "RealityKitTrack",
                    "printedName": "AppleUSDSchemas.RealityKitTrack",
                    "usr": "s:15AppleUSDSchemas15RealityKitTrackV"
                  }
                ],
                "usr": "s:Sq"
              },
              {
                "kind": "TypeNominal",
                "name": "UsdPrim",
                "printedName": "__ObjC.pxrInternal_v0_25_8__pxrReserved__.UsdPrim",
                "usr": "c:@N@pxrInternal_v0_25_8__pxrReserved__@S@UsdPrim"
              }
            ],
            "declKind": "Func",
            "usr": "s:15AppleUSDSchemas15RealityKitTrackV0aB3USDE7extract4fromACSgSo021pxrInternal_v0_25_8__I10Reserved__O7UsdPrimV_tFZ",
            "mangledName": "$s15AppleUSDSchemas15RealityKitTrackV0aB3USDE7extract4fromACSgSo021pxrInternal_v0_25_8__I10Reserved__O7UsdPrimV_tFZ",
            "moduleName": "AppleUSDSchemasUSD",
            "static": true,
            "declAttributes": [
              "AccessControl"
            ],
            "isFromExtension": true,
            "spi_group_names": [
              "Internal"
            ],
            "funcSelfKind": "NonMutating"
          }
        ],
        "declKind": "Struct",
        "usr": "s:15AppleUSDSchemas15RealityKitTrackV",
        "mangledName": "$s15AppleUSDSchemas15RealityKitTrackV",
        "moduleName": "AppleUSDSchemas",
        "isExternal": true,
        "conformances": [
          {
            "kind": "Conformance",
            "name": "Sendable",
            "printedName": "Sendable",
            "usr": "s:s8SendableP",
            "mangledName": "$ss8SendableP"
          },
          {
            "kind": "Conformance",
            "name": "Equatable",
            "printedName": "Equatable",
            "usr": "s:SQ",
            "mangledName": "$sSQ"
          },
          {
            "kind": "Conformance",
            "name": "Identifiable",
            "printedName": "Identifiable",
            "children": [
              {
                "kind": "TypeWitness",
                "name": "ID",
                "printedName": "ID",
                "children": [
                  {
                    "kind": "TypeNominal",
                    "name": "String",
                    "printedName": "Swift.String",
                    "usr": "s:SS"
                  }
                ]
              }
            ],
            "usr": "s:s12IdentifiableP",
            "mangledName": "$ss12IdentifiableP"
          },
          {
            "kind": "Conformance",
            "name": "SendableMetatype",
            "printedName": "SendableMetatype",
            "usr": "s:s16SendableMetatypeP",
            "mangledName": "$ss16SendableMetatypeP"
          },
          {
            "kind": "Conformance",
            "name": "Copyable",
            "printedName": "Copyable",
            "usr": "s:s8CopyableP",
            "mangledName": "$ss8CopyableP"
          },
          {
            "kind": "Conformance",
            "name": "Escapable",
            "printedName": "Escapable",
            "usr": "s:s9EscapableP",
            "mangledName": "$ss9EscapableP"
          }
        ]
      },
      {
        "kind": "TypeDecl",
        "name": "RealityKitAction",
        "printedName": "RealityKitAction",
        "children": [
          {
            "kind": "Function",
            "name": "extract",
            "printedName": "extract(from:)",
            "children": [
              {
                "kind": "TypeNominal",
                "name": "Optional",
                "printedName": "AppleUSDSchemas.RealityKitAction?",
                "children": [
                  {
                    "kind": "TypeNominal",
                    "name": "RealityKitAction",
                    "printedName": "AppleUSDSchemas.RealityKitAction",
                    "usr": "s:15AppleUSDSchemas16RealityKitActionV"
                  }
                ],
                "usr": "s:Sq"
              },
              {
                "kind": "TypeNominal",
                "name": "UsdPrim",
                "printedName": "__ObjC.pxrInternal_v0_25_8__pxrReserved__.UsdPrim",
                "usr": "c:@N@pxrInternal_v0_25_8__pxrReserved__@S@UsdPrim"
              }
            ],
            "declKind": "Func",
            "usr": "s:15AppleUSDSchemas16RealityKitActionV0aB3USDE7extract4fromACSgSo021pxrInternal_v0_25_8__I10Reserved__O7UsdPrimV_tFZ",
            "mangledName": "$s15AppleUSDSchemas16RealityKitActionV0aB3USDE7extract4fromACSgSo021pxrInternal_v0_25_8__I10Reserved__O7UsdPrimV_tFZ",
            "moduleName": "AppleUSDSchemasUSD",
            "static": true,
            "declAttributes": [
              "AccessControl"
            ],
            "isFromExtension": true,
            "spi_group_names": [
              "Internal"
            ],
            "funcSelfKind": "NonMutating"
          }
        ],
        "declKind": "Struct",
        "usr": "s:15AppleUSDSchemas16RealityKitActionV",
        "mangledName": "$s15AppleUSDSchemas16RealityKitActionV",
        "moduleName": "AppleUSDSchemas",
        "isExternal": true,
        "conformances": [
          {
            "kind": "Conformance",
            "name": "Sendable",
            "printedName": "Sendable",
            "usr": "s:s8SendableP",
            "mangledName": "$ss8SendableP"
          },
          {
            "kind": "Conformance",
            "name": "Equatable",
            "printedName": "Equatable",
            "usr": "s:SQ",
            "mangledName": "$sSQ"
          },
          {
            "kind": "Conformance",
            "name": "Identifiable",
            "printedName": "Identifiable",
            "children": [
              {
                "kind": "TypeWitness",
                "name": "ID",
                "printedName": "ID",
                "children": [
                  {
                    "kind": "TypeNominal",
                    "name": "String",
                    "printedName": "Swift.String",
                    "usr": "s:SS"
                  }
                ]
              }
            ],
            "usr": "s:s12IdentifiableP",
            "mangledName": "$ss12IdentifiableP"
          },
          {
            "kind": "Conformance",
            "name": "SendableMetatype",
            "printedName": "SendableMetatype",
            "usr": "s:s16SendableMetatypeP",
            "mangledName": "$ss16SendableMetatypeP"
          },
          {
            "kind": "Conformance",
            "name": "Copyable",
            "printedName": "Copyable",
            "usr": "s:s8CopyableP",
            "mangledName": "$ss8CopyableP"
          },
          {
            "kind": "Conformance",
            "name": "Escapable",
            "printedName": "Escapable",
            "usr": "s:s9EscapableP",
            "mangledName": "$ss9EscapableP"
          }
        ]
      },
      {
        "kind": "TypeDecl",
        "name": "RealityKitComponent",
        "printedName": "RealityKitComponent",
        "children": [
          {
            "kind": "Function",
            "name": "extract",
            "printedName": "extract(from:)",
            "children": [
              {
                "kind": "TypeNominal",
                "name": "Optional",
                "printedName": "AppleUSDSchemas.RealityKitComponent?",
                "children": [
                  {
                    "kind": "TypeNominal",
                    "name": "RealityKitComponent",
                    "printedName": "AppleUSDSchemas.RealityKitComponent",
                    "usr": "s:15AppleUSDSchemas19RealityKitComponentV"
                  }
                ],
                "usr": "s:Sq"
              },
              {
                "kind": "TypeNominal",
                "name": "UsdPrim",
                "printedName": "__ObjC.pxrInternal_v0_25_8__pxrReserved__.UsdPrim",
                "usr": "c:@N@pxrInternal_v0_25_8__pxrReserved__@S@UsdPrim"
              }
            ],
            "declKind": "Func",
            "usr": "s:15AppleUSDSchemas19RealityKitComponentV0aB3USDE7extract4fromACSgSo021pxrInternal_v0_25_8__I10Reserved__O7UsdPrimV_tFZ",
            "mangledName": "$s15AppleUSDSchemas19RealityKitComponentV0aB3USDE7extract4fromACSgSo021pxrInternal_v0_25_8__I10Reserved__O7UsdPrimV_tFZ",
            "moduleName": "AppleUSDSchemasUSD",
            "static": true,
            "declAttributes": [
              "AccessControl"
            ],
            "isFromExtension": true,
            "spi_group_names": [
              "Internal"
            ],
            "funcSelfKind": "NonMutating"
          },
          {
            "kind": "Function",
            "name": "extractAll",
            "printedName": "extractAll(from:)",
            "children": [
              {
                "kind": "TypeNominal",
                "name": "Array",
                "printedName": "[AppleUSDSchemas.RealityKitComponent]",
                "children": [
                  {
                    "kind": "TypeNominal",
                    "name": "RealityKitComponent",
                    "printedName": "AppleUSDSchemas.RealityKitComponent",
                    "usr": "s:15AppleUSDSchemas19RealityKitComponentV"
                  }
                ],
                "usr": "s:Sa"
              },
              {
                "kind": "TypeNominal",
                "name": "UsdStage",
                "printedName": "__ObjC.pxrInternal_v0_25_8__pxrReserved__.UsdStage",
                "usr": "c:@N@pxrInternal_v0_25_8__pxrReserved__@S@UsdStage"
              }
            ],
            "declKind": "Func",
            "usr": "s:15AppleUSDSchemas19RealityKitComponentV0aB3USDE10extractAll4fromSayACGSo021pxrInternal_v0_25_8__J10Reserved__O8UsdStageV_tFZ",
            "mangledName": "$s15AppleUSDSchemas19RealityKitComponentV0aB3USDE10extractAll4fromSayACGSo021pxrInternal_v0_25_8__J10Reserved__O8UsdStageV_tFZ",
            "moduleName": "AppleUSDSchemasUSD",
            "static": true,
            "declAttributes": [
              "AccessControl"
            ],
            "isFromExtension": true,
            "spi_group_names": [
              "Internal"
            ],
            "funcSelfKind": "NonMutating"
          }
        ],
        "declKind": "Struct",
        "usr": "s:15AppleUSDSchemas19RealityKitComponentV",
        "mangledName": "$s15AppleUSDSchemas19RealityKitComponentV",
        "moduleName": "AppleUSDSchemas",
        "isExternal": true,
        "conformances": [
          {
            "kind": "Conformance",
            "name": "Sendable",
            "printedName": "Sendable",
            "usr": "s:s8SendableP",
            "mangledName": "$ss8SendableP"
          },
          {
            "kind": "Conformance",
            "name": "Equatable",
            "printedName": "Equatable",
            "usr": "s:SQ",
            "mangledName": "$sSQ"
          },
          {
            "kind": "Conformance",
            "name": "SendableMetatype",
            "printedName": "SendableMetatype",
            "usr": "s:s16SendableMetatypeP",
            "mangledName": "$ss16SendableMetatypeP"
          },
          {
            "kind": "Conformance",
            "name": "Copyable",
            "printedName": "Copyable",
            "usr": "s:s8CopyableP",
            "mangledName": "$ss8CopyableP"
          },
          {
            "kind": "Conformance",
            "name": "Escapable",
            "printedName": "Escapable",
            "usr": "s:s9EscapableP",
            "mangledName": "$ss9EscapableP"
          }
        ]
      },
      {
        "kind": "TypeDecl",
        "name": "Preliminary_AnchoringAPI",
        "printedName": "Preliminary_AnchoringAPI",
        "children": [
          {
            "kind": "Function",
            "name": "extract",
            "printedName": "extract(from:)",
            "children": [
              {
                "kind": "TypeNominal",
                "name": "Optional",
                "printedName": "AppleUSDSchemas.Preliminary_AnchoringAPI?",
                "children": [
                  {
                    "kind": "TypeNominal",
                    "name": "Preliminary_AnchoringAPI",
                    "printedName": "AppleUSDSchemas.Preliminary_AnchoringAPI",
                    "usr": "s:15AppleUSDSchemas24Preliminary_AnchoringAPIV"
                  }
                ],
                "usr": "s:Sq"
              },
              {
                "kind": "TypeNominal",
                "name": "UsdPrim",
                "printedName": "__ObjC.pxrInternal_v0_25_8__pxrReserved__.UsdPrim",
                "usr": "c:@N@pxrInternal_v0_25_8__pxrReserved__@S@UsdPrim"
              }
            ],
            "declKind": "Func",
            "usr": "s:15AppleUSDSchemas24Preliminary_AnchoringAPIV0aB3USDE7extract4fromACSgSo021pxrInternal_v0_25_8__I10Reserved__O7UsdPrimV_tFZ",
            "mangledName": "$s15AppleUSDSchemas24Preliminary_AnchoringAPIV0aB3USDE7extract4fromACSgSo021pxrInternal_v0_25_8__I10Reserved__O7UsdPrimV_tFZ",
            "moduleName": "AppleUSDSchemasUSD",
            "static": true,
            "declAttributes": [
              "AccessControl"
            ],
            "isFromExtension": true,
            "spi_group_names": [
              "Internal"
            ],
            "funcSelfKind": "NonMutating"
          },
          {
            "kind": "Function",
            "name": "apply",
            "printedName": "apply(to:)",
            "children": [
              {
                "kind": "TypeNominal",
                "name": "Void",
                "printedName": "()"
              },
              {
                "kind": "TypeNominal",
                "name": "UsdPrim",
                "printedName": "__ObjC.pxrInternal_v0_25_8__pxrReserved__.UsdPrim",
                "usr": "c:@N@pxrInternal_v0_25_8__pxrReserved__@S@UsdPrim"
              }
            ],
            "declKind": "Func",
            "usr": "s:15AppleUSDSchemas24Preliminary_AnchoringAPIV0aB3USDE5apply2toySo021pxrInternal_v0_25_8__I10Reserved__O7UsdPrimV_tF",
            "mangledName": "$s15AppleUSDSchemas24Preliminary_AnchoringAPIV0aB3USDE5apply2toySo021pxrInternal_v0_25_8__I10Reserved__O7UsdPrimV_tF",
            "moduleName": "AppleUSDSchemasUSD",
            "declAttributes": [
              "AccessControl"
            ],
            "isFromExtension": true,
            "spi_group_names": [
              "Internal"
            ],
            "funcSelfKind": "NonMutating"
          }
        ],
        "declKind": "Struct",
        "usr": "s:15AppleUSDSchemas24Preliminary_AnchoringAPIV",
        "mangledName": "$s15AppleUSDSchemas24Preliminary_AnchoringAPIV",
        "moduleName": "AppleUSDSchemas",
        "isExternal": true,
        "conformances": [
          {
            "kind": "Conformance",
            "name": "Sendable",
            "printedName": "Sendable",
            "usr": "s:s8SendableP",
            "mangledName": "$ss8SendableP"
          },
          {
            "kind": "Conformance",
            "name": "Equatable",
            "printedName": "Equatable",
            "usr": "s:SQ",
            "mangledName": "$sSQ"
          },
          {
            "kind": "Conformance",
            "name": "SendableMetatype",
            "printedName": "SendableMetatype",
            "usr": "s:s16SendableMetatypeP",
            "mangledName": "$ss16SendableMetatypeP"
          },
          {
            "kind": "Conformance",
            "name": "Copyable",
            "printedName": "Copyable",
            "usr": "s:s8CopyableP",
            "mangledName": "$ss8CopyableP"
          },
          {
            "kind": "Conformance",
            "name": "Escapable",
            "printedName": "Escapable",
            "usr": "s:s9EscapableP",
            "mangledName": "$ss9EscapableP"
          }
        ]
      },
      {
        "kind": "TypeDecl",
        "name": "Preliminary_Behavior",
        "printedName": "Preliminary_Behavior",
        "children": [
          {
            "kind": "Function",
            "name": "extract",
            "printedName": "extract(from:)",
            "children": [
              {
                "kind": "TypeNominal",
                "name": "Optional",
                "printedName": "AppleUSDSchemas.Preliminary_Behavior?",
                "children": [
                  {
                    "kind": "TypeNominal",
                    "name": "Preliminary_Behavior",
                    "printedName": "AppleUSDSchemas.Preliminary_Behavior",
                    "usr": "s:15AppleUSDSchemas20Preliminary_BehaviorV"
                  }
                ],
                "usr": "s:Sq"
              },
              {
                "kind": "TypeNominal",
                "name": "UsdPrim",
                "printedName": "__ObjC.pxrInternal_v0_25_8__pxrReserved__.UsdPrim",
                "usr": "c:@N@pxrInternal_v0_25_8__pxrReserved__@S@UsdPrim"
              }
            ],
            "declKind": "Func",
            "usr": "s:15AppleUSDSchemas20Preliminary_BehaviorV0aB3USDE7extract4fromACSgSo021pxrInternal_v0_25_8__H10Reserved__O7UsdPrimV_tFZ",
            "mangledName": "$s15AppleUSDSchemas20Preliminary_BehaviorV0aB3USDE7extract4fromACSgSo021pxrInternal_v0_25_8__H10Reserved__O7UsdPrimV_tFZ",
            "moduleName": "AppleUSDSchemasUSD",
            "static": true,
            "declAttributes": [
              "AccessControl",
              "RawDocComment"
            ],
            "isFromExtension": true,
            "spi_group_names": [
              "Internal"
            ],
            "funcSelfKind": "NonMutating"
          },
          {
            "kind": "Function",
            "name": "define",
            "printedName": "define(in:at:)",
            "children": [
              {
                "kind": "TypeNominal",
                "name": "UsdPrim",
                "printedName": "__ObjC.pxrInternal_v0_25_8__pxrReserved__.UsdPrim",
                "usr": "c:@N@pxrInternal_v0_25_8__pxrReserved__@S@UsdPrim"
              },
              {
                "kind": "TypeNominal",
                "name": "UsdStage",
                "printedName": "__ObjC.pxrInternal_v0_25_8__pxrReserved__.UsdStage",
                "usr": "c:@N@pxrInternal_v0_25_8__pxrReserved__@S@UsdStage"
              },
              {
                "kind": "TypeNominal",
                "name": "String",
                "printedName": "Swift.String",
                "usr": "s:SS"
              }
            ],
            "declKind": "Func",
            "usr": "s:15AppleUSDSchemas20Preliminary_BehaviorV0aB3USDE6define2in2atSo021pxrInternal_v0_25_8__I10Reserved__O7UsdPrimVAI0M5StageV_SStF",
            "mangledName": "$s15AppleUSDSchemas20Preliminary_BehaviorV0aB3USDE6define2in2atSo021pxrInternal_v0_25_8__I10Reserved__O7UsdPrimVAI0M5StageV_SStF",
            "moduleName": "AppleUSDSchemasUSD",
            "declAttributes": [
              "AccessControl",
              "RawDocComment"
            ],
            "isFromExtension": true,
            "spi_group_names": [
              "Internal"
            ],
            "funcSelfKind": "NonMutating"
          }
        ],
        "declKind": "Struct",
        "usr": "s:15AppleUSDSchemas20Preliminary_BehaviorV",
        "mangledName": "$s15AppleUSDSchemas20Preliminary_BehaviorV",
        "moduleName": "AppleUSDSchemas",
        "isExternal": true,
        "conformances": [
          {
            "kind": "Conformance",
            "name": "Sendable",
            "printedName": "Sendable",
            "usr": "s:s8SendableP",
            "mangledName": "$ss8SendableP"
          },
          {
            "kind": "Conformance",
            "name": "Equatable",
            "printedName": "Equatable",
            "usr": "s:SQ",
            "mangledName": "$sSQ"
          },
          {
            "kind": "Conformance",
            "name": "SendableMetatype",
            "printedName": "SendableMetatype",
            "usr": "s:s16SendableMetatypeP",
            "mangledName": "$ss16SendableMetatypeP"
          },
          {
            "kind": "Conformance",
            "name": "Copyable",
            "printedName": "Copyable",
            "usr": "s:s8CopyableP",
            "mangledName": "$ss8CopyableP"
          },
          {
            "kind": "Conformance",
            "name": "Escapable",
            "printedName": "Escapable",
            "usr": "s:s9EscapableP",
            "mangledName": "$ss9EscapableP"
          }
        ]
      },
      {
        "kind": "TypeDecl",
        "name": "Preliminary_Trigger",
        "printedName": "Preliminary_Trigger",
        "children": [
          {
            "kind": "Function",
            "name": "extract",
            "printedName": "extract(from:)",
            "children": [
              {
                "kind": "TypeNominal",
                "name": "Optional",
                "printedName": "AppleUSDSchemas.Preliminary_Trigger?",
                "children": [
                  {
                    "kind": "TypeNominal",
                    "name": "Preliminary_Trigger",
                    "printedName": "AppleUSDSchemas.Preliminary_Trigger",
                    "usr": "s:15AppleUSDSchemas19Preliminary_TriggerV"
                  }
                ],
                "usr": "s:Sq"
              },
              {
                "kind": "TypeNominal",
                "name": "UsdPrim",
                "printedName": "__ObjC.pxrInternal_v0_25_8__pxrReserved__.UsdPrim",
                "usr": "c:@N@pxrInternal_v0_25_8__pxrReserved__@S@UsdPrim"
              }
            ],
            "declKind": "Func",
            "usr": "s:15AppleUSDSchemas19Preliminary_TriggerV0aB3USDE7extract4fromACSgSo021pxrInternal_v0_25_8__H10Reserved__O7UsdPrimV_tFZ",
            "mangledName": "$s15AppleUSDSchemas19Preliminary_TriggerV0aB3USDE7extract4fromACSgSo021pxrInternal_v0_25_8__H10Reserved__O7UsdPrimV_tFZ",
            "moduleName": "AppleUSDSchemasUSD",
            "static": true,
            "declAttributes": [
              "AccessControl"
            ],
            "isFromExtension": true,
            "spi_group_names": [
              "Internal"
            ],
            "funcSelfKind": "NonMutating"
          },
          {
            "kind": "Function",
            "name": "define",
            "printedName": "define(in:at:)",
            "children": [
              {
                "kind": "TypeNominal",
                "name": "UsdPrim",
                "printedName": "__ObjC.pxrInternal_v0_25_8__pxrReserved__.UsdPrim",
                "usr": "c:@N@pxrInternal_v0_25_8__pxrReserved__@S@UsdPrim"
              },
              {
                "kind": "TypeNominal",
                "name": "UsdStage",
                "printedName": "__ObjC.pxrInternal_v0_25_8__pxrReserved__.UsdStage",
                "usr": "c:@N@pxrInternal_v0_25_8__pxrReserved__@S@UsdStage"
              },
              {
                "kind": "TypeNominal",
                "name": "String",
                "printedName": "Swift.String",
                "usr": "s:SS"
              }
            ],
            "declKind": "Func",
            "usr": "s:15AppleUSDSchemas19Preliminary_TriggerV0aB3USDE6define2in2atSo021pxrInternal_v0_25_8__I10Reserved__O7UsdPrimVAI0M5StageV_SStF",
            "mangledName": "$s15AppleUSDSchemas19Preliminary_TriggerV0aB3USDE6define2in2atSo021pxrInternal_v0_25_8__I10Reserved__O7UsdPrimVAI0M5StageV_SStF",
            "moduleName": "AppleUSDSchemasUSD",
            "declAttributes": [
              "AccessControl"
            ],
            "isFromExtension": true,
            "spi_group_names": [
              "Internal"
            ],
            "funcSelfKind": "NonMutating"
          }
        ],
        "declKind": "Struct",
        "usr": "s:15AppleUSDSchemas19Preliminary_TriggerV",
        "mangledName": "$s15AppleUSDSchemas19Preliminary_TriggerV",
        "moduleName": "AppleUSDSchemas",
        "isExternal": true,
        "conformances": [
          {
            "kind": "Conformance",
            "name": "Sendable",
            "printedName": "Sendable",
            "usr": "s:s8SendableP",
            "mangledName": "$ss8SendableP"
          },
          {
            "kind": "Conformance",
            "name": "Equatable",
            "printedName": "Equatable",
            "usr": "s:SQ",
            "mangledName": "$sSQ"
          },
          {
            "kind": "Conformance",
            "name": "SendableMetatype",
            "printedName": "SendableMetatype",
            "usr": "s:s16SendableMetatypeP",
            "mangledName": "$ss16SendableMetatypeP"
          },
          {
            "kind": "Conformance",
            "name": "Copyable",
            "printedName": "Copyable",
            "usr": "s:s8CopyableP",
            "mangledName": "$ss8CopyableP"
          },
          {
            "kind": "Conformance",
            "name": "Escapable",
            "printedName": "Escapable",
            "usr": "s:s9EscapableP",
            "mangledName": "$ss9EscapableP"
          }
        ]
      },
      {
        "kind": "TypeDecl",
        "name": "Preliminary_Action",
        "printedName": "Preliminary_Action",
        "children": [
          {
            "kind": "Function",
            "name": "extract",
            "printedName": "extract(from:)",
            "children": [
              {
                "kind": "TypeNominal",
                "name": "Optional",
                "printedName": "AppleUSDSchemas.Preliminary_Action?",
                "children": [
                  {
                    "kind": "TypeNominal",
                    "name": "Preliminary_Action",
                    "printedName": "AppleUSDSchemas.Preliminary_Action",
                    "usr": "s:15AppleUSDSchemas18Preliminary_ActionV"
                  }
                ],
                "usr": "s:Sq"
              },
              {
                "kind": "TypeNominal",
                "name": "UsdPrim",
                "printedName": "__ObjC.pxrInternal_v0_25_8__pxrReserved__.UsdPrim",
                "usr": "c:@N@pxrInternal_v0_25_8__pxrReserved__@S@UsdPrim"
              }
            ],
            "declKind": "Func",
            "usr": "s:15AppleUSDSchemas18Preliminary_ActionV0aB3USDE7extract4fromACSgSo021pxrInternal_v0_25_8__H10Reserved__O7UsdPrimV_tFZ",
            "mangledName": "$s15AppleUSDSchemas18Preliminary_ActionV0aB3USDE7extract4fromACSgSo021pxrInternal_v0_25_8__H10Reserved__O7UsdPrimV_tFZ",
            "moduleName": "AppleUSDSchemasUSD",
            "static": true,
            "declAttributes": [
              "AccessControl"
            ],
            "isFromExtension": true,
            "spi_group_names": [
              "Internal"
            ],
            "funcSelfKind": "NonMutating"
          },
          {
            "kind": "Function",
            "name": "define",
            "printedName": "define(in:at:)",
            "children": [
              {
                "kind": "TypeNominal",
                "name": "UsdPrim",
                "printedName": "__ObjC.pxrInternal_v0_25_8__pxrReserved__.UsdPrim",
                "usr": "c:@N@pxrInternal_v0_25_8__pxrReserved__@S@UsdPrim"
              },
              {
                "kind": "TypeNominal",
                "name": "UsdStage",
                "printedName": "__ObjC.pxrInternal_v0_25_8__pxrReserved__.UsdStage",
                "usr": "c:@N@pxrInternal_v0_25_8__pxrReserved__@S@UsdStage"
              },
              {
                "kind": "TypeNominal",
                "name": "String",
                "printedName": "Swift.String",
                "usr": "s:SS"
              }
            ],
            "declKind": "Func",
            "usr": "s:15AppleUSDSchemas18Preliminary_ActionV0aB3USDE6define2in2atSo021pxrInternal_v0_25_8__I10Reserved__O7UsdPrimVAI0M5StageV_SStF",
            "mangledName": "$s15AppleUSDSchemas18Preliminary_ActionV0aB3USDE6define2in2atSo021pxrInternal_v0_25_8__I10Reserved__O7UsdPrimVAI0M5StageV_SStF",
            "moduleName": "AppleUSDSchemasUSD",
            "declAttributes": [
              "AccessControl"
            ],
            "isFromExtension": true,
            "spi_group_names": [
              "Internal"
            ],
            "funcSelfKind": "NonMutating"
          }
        ],
        "declKind": "Struct",
        "usr": "s:15AppleUSDSchemas18Preliminary_ActionV",
        "mangledName": "$s15AppleUSDSchemas18Preliminary_ActionV",
        "moduleName": "AppleUSDSchemas",
        "isExternal": true,
        "conformances": [
          {
            "kind": "Conformance",
            "name": "Sendable",
            "printedName": "Sendable",
            "usr": "s:s8SendableP",
            "mangledName": "$ss8SendableP"
          },
          {
            "kind": "Conformance",
            "name": "Equatable",
            "printedName": "Equatable",
            "usr": "s:SQ",
            "mangledName": "$sSQ"
          },
          {
            "kind": "Conformance",
            "name": "SendableMetatype",
            "printedName": "SendableMetatype",
            "usr": "s:s16SendableMetatypeP",
            "mangledName": "$ss16SendableMetatypeP"
          },
          {
            "kind": "Conformance",
            "name": "Copyable",
            "printedName": "Copyable",
            "usr": "s:s8CopyableP",
            "mangledName": "$ss8CopyableP"
          },
          {
            "kind": "Conformance",
            "name": "Escapable",
            "printedName": "Escapable",
            "usr": "s:s9EscapableP",
            "mangledName": "$ss9EscapableP"
          }
        ]
      },
      {
        "kind": "TypeDecl",
        "name": "SchemaValue",
        "printedName": "SchemaValue",
        "children": [
          {
            "kind": "Function",
            "name": "parse",
            "printedName": "parse(from:typeName:)",
            "children": [
              {
                "kind": "TypeNominal",
                "name": "SchemaValue",
                "printedName": "AppleUSDSchemas.SchemaValue",
                "usr": "s:15AppleUSDSchemas11SchemaValueO"
              },
              {
                "kind": "TypeNominal",
                "name": "VtValue",
                "printedName": "__ObjC.pxrInternal_v0_25_8__pxrReserved__.VtValue",
                "usr": "c:@N@pxrInternal_v0_25_8__pxrReserved__@S@VtValue"
              },
              {
                "kind": "TypeNominal",
                "name": "String",
                "printedName": "Swift.String",
                "usr": "s:SS"
              }
            ],
            "declKind": "Func",
            "usr": "s:15AppleUSDSchemas11SchemaValueO0aB3USDE5parse4from8typeNameACSo021pxrInternal_v0_25_8__J10Reserved__O02VtD0V_SStFZ",
            "mangledName": "$s15AppleUSDSchemas11SchemaValueO0aB3USDE5parse4from8typeNameACSo021pxrInternal_v0_25_8__J10Reserved__O02VtD0V_SStFZ",
            "moduleName": "AppleUSDSchemasUSD",
            "static": true,
            "declAttributes": [
              "AccessControl",
              "RawDocComment"
            ],
            "isFromExtension": true,
            "spi_group_names": [
              "Internal"
            ],
            "funcSelfKind": "NonMutating"
          }
        ],
        "declKind": "Enum",
        "usr": "s:15AppleUSDSchemas11SchemaValueO",
        "mangledName": "$s15AppleUSDSchemas11SchemaValueO",
        "moduleName": "AppleUSDSchemas",
        "isExternal": true,
        "conformances": [
          {
            "kind": "Conformance",
            "name": "Sendable",
            "printedName": "Sendable",
            "usr": "s:s8SendableP",
            "mangledName": "$ss8SendableP"
          },
          {
            "kind": "Conformance",
            "name": "Equatable",
            "printedName": "Equatable",
            "usr": "s:SQ",
            "mangledName": "$sSQ"
          },
          {
            "kind": "Conformance",
            "name": "SendableMetatype",
            "printedName": "SendableMetatype",
            "usr": "s:s16SendableMetatypeP",
            "mangledName": "$ss16SendableMetatypeP"
          },
          {
            "kind": "Conformance",
            "name": "Copyable",
            "printedName": "Copyable",
            "usr": "s:s8CopyableP",
            "mangledName": "$ss8CopyableP"
          },
          {
            "kind": "Conformance",
            "name": "Escapable",
            "printedName": "Escapable",
            "usr": "s:s9EscapableP",
            "mangledName": "$ss9EscapableP"
          }
        ]
      },
      {
        "kind": "TypeDecl",
        "name": "Preliminary_PhysicsColliderAPI",
        "printedName": "Preliminary_PhysicsColliderAPI",
        "children": [
          {
            "kind": "Function",
            "name": "extract",
            "printedName": "extract(from:)",
            "children": [
              {
                "kind": "TypeNominal",
                "name": "Optional",
                "printedName": "AppleUSDSchemas.Preliminary_PhysicsColliderAPI?",
                "children": [
                  {
                    "kind": "TypeNominal",
                    "name": "Preliminary_PhysicsColliderAPI",
                    "printedName": "AppleUSDSchemas.Preliminary_PhysicsColliderAPI",
                    "usr": "s:15AppleUSDSchemas30Preliminary_PhysicsColliderAPIV"
                  }
                ],
                "usr": "s:Sq"
              },
              {
                "kind": "TypeNominal",
                "name": "UsdPrim",
                "printedName": "__ObjC.pxrInternal_v0_25_8__pxrReserved__.UsdPrim",
                "usr": "c:@N@pxrInternal_v0_25_8__pxrReserved__@S@UsdPrim"
              }
            ],
            "declKind": "Func",
            "usr": "s:15AppleUSDSchemas30Preliminary_PhysicsColliderAPIV0aB3USDE7extract4fromACSgSo021pxrInternal_v0_25_8__J10Reserved__O7UsdPrimV_tFZ",
            "mangledName": "$s15AppleUSDSchemas30Preliminary_PhysicsColliderAPIV0aB3USDE7extract4fromACSgSo021pxrInternal_v0_25_8__J10Reserved__O7UsdPrimV_tFZ",
            "moduleName": "AppleUSDSchemasUSD",
            "static": true,
            "declAttributes": [
              "AccessControl"
            ],
            "isFromExtension": true,
            "spi_group_names": [
              "Internal"
            ],
            "funcSelfKind": "NonMutating"
          },
          {
            "kind": "Function",
            "name": "apply",
            "printedName": "apply(to:)",
            "children": [
              {
                "kind": "TypeNominal",
                "name": "Void",
                "printedName": "()"
              },
              {
                "kind": "TypeNominal",
                "name": "UsdPrim",
                "printedName": "__ObjC.pxrInternal_v0_25_8__pxrReserved__.UsdPrim",
                "usr": "c:@N@pxrInternal_v0_25_8__pxrReserved__@S@UsdPrim"
              }
            ],
            "declKind": "Func",
            "usr": "s:15AppleUSDSchemas30Preliminary_PhysicsColliderAPIV0aB3USDE5apply2toySo021pxrInternal_v0_25_8__J10Reserved__O7UsdPrimV_tF",
            "mangledName": "$s15AppleUSDSchemas30Preliminary_PhysicsColliderAPIV0aB3USDE5apply2toySo021pxrInternal_v0_25_8__J10Reserved__O7UsdPrimV_tF",
            "moduleName": "AppleUSDSchemasUSD",
            "declAttributes": [
              "AccessControl"
            ],
            "isFromExtension": true,
            "spi_group_names": [
              "Internal"
            ],
            "funcSelfKind": "NonMutating"
          }
        ],
        "declKind": "Struct",
        "usr": "s:15AppleUSDSchemas30Preliminary_PhysicsColliderAPIV",
        "mangledName": "$s15AppleUSDSchemas30Preliminary_PhysicsColliderAPIV",
        "moduleName": "AppleUSDSchemas",
        "isExternal": true,
        "conformances": [
          {
            "kind": "Conformance",
            "name": "Sendable",
            "printedName": "Sendable",
            "usr": "s:s8SendableP",
            "mangledName": "$ss8SendableP"
          },
          {
            "kind": "Conformance",
            "name": "Equatable",
            "printedName": "Equatable",
            "usr": "s:SQ",
            "mangledName": "$sSQ"
          },
          {
            "kind": "Conformance",
            "name": "SendableMetatype",
            "printedName": "SendableMetatype",
            "usr": "s:s16SendableMetatypeP",
            "mangledName": "$ss16SendableMetatypeP"
          },
          {
            "kind": "Conformance",
            "name": "Copyable",
            "printedName": "Copyable",
            "usr": "s:s8CopyableP",
            "mangledName": "$ss8CopyableP"
          },
          {
            "kind": "Conformance",
            "name": "Escapable",
            "printedName": "Escapable",
            "usr": "s:s9EscapableP",
            "mangledName": "$ss9EscapableP"
          }
        ]
      },
      {
        "kind": "TypeDecl",
        "name": "Preliminary_PhysicsGravitationalForce",
        "printedName": "Preliminary_PhysicsGravitationalForce",
        "children": [
          {
            "kind": "Function",
            "name": "extract",
            "printedName": "extract(from:)",
            "children": [
              {
                "kind": "TypeNominal",
                "name": "Optional",
                "printedName": "AppleUSDSchemas.Preliminary_PhysicsGravitationalForce?",
                "children": [
                  {
                    "kind": "TypeNominal",
                    "name": "Preliminary_PhysicsGravitationalForce",
                    "printedName": "AppleUSDSchemas.Preliminary_PhysicsGravitationalForce",
                    "usr": "s:15AppleUSDSchemas37Preliminary_PhysicsGravitationalForceV"
                  }
                ],
                "usr": "s:Sq"
              },
              {
                "kind": "TypeNominal",
                "name": "UsdPrim",
                "printedName": "__ObjC.pxrInternal_v0_25_8__pxrReserved__.UsdPrim",
                "usr": "c:@N@pxrInternal_v0_25_8__pxrReserved__@S@UsdPrim"
              }
            ],
            "declKind": "Func",
            "usr": "s:15AppleUSDSchemas37Preliminary_PhysicsGravitationalForceV0aB3USDE7extract4fromACSgSo021pxrInternal_v0_25_8__J10Reserved__O7UsdPrimV_tFZ",
            "mangledName": "$s15AppleUSDSchemas37Preliminary_PhysicsGravitationalForceV0aB3USDE7extract4fromACSgSo021pxrInternal_v0_25_8__J10Reserved__O7UsdPrimV_tFZ",
            "moduleName": "AppleUSDSchemasUSD",
            "static": true,
            "declAttributes": [
              "AccessControl"
            ],
            "isFromExtension": true,
            "spi_group_names": [
              "Internal"
            ],
            "funcSelfKind": "NonMutating"
          },
          {
            "kind": "Function",
            "name": "define",
            "printedName": "define(in:at:)",
            "children": [
              {
                "kind": "TypeNominal",
                "name": "UsdPrim",
                "printedName": "__ObjC.pxrInternal_v0_25_8__pxrReserved__.UsdPrim",
                "usr": "c:@N@pxrInternal_v0_25_8__pxrReserved__@S@UsdPrim"
              },
              {
                "kind": "TypeNominal",
                "name": "UsdStage",
                "printedName": "__ObjC.pxrInternal_v0_25_8__pxrReserved__.UsdStage",
                "usr": "c:@N@pxrInternal_v0_25_8__pxrReserved__@S@UsdStage"
              },
              {
                "kind": "TypeNominal",
                "name": "String",
                "printedName": "Swift.String",
                "usr": "s:SS"
              }
            ],
            "declKind": "Func",
            "usr": "s:15AppleUSDSchemas37Preliminary_PhysicsGravitationalForceV0aB3USDE6define2in2atSo021pxrInternal_v0_25_8__K10Reserved__O7UsdPrimVAI0O5StageV_SStF",
            "mangledName": "$s15AppleUSDSchemas37Preliminary_PhysicsGravitationalForceV0aB3USDE6define2in2atSo021pxrInternal_v0_25_8__K10Reserved__O7UsdPrimVAI0O5StageV_SStF",
            "moduleName": "AppleUSDSchemasUSD",
            "declAttributes": [
              "AccessControl"
            ],
            "isFromExtension": true,
            "spi_group_names": [
              "Internal"
            ],
            "funcSelfKind": "NonMutating"
          }
        ],
        "declKind": "Struct",
        "usr": "s:15AppleUSDSchemas37Preliminary_PhysicsGravitationalForceV",
        "mangledName": "$s15AppleUSDSchemas37Preliminary_PhysicsGravitationalForceV",
        "moduleName": "AppleUSDSchemas",
        "isExternal": true,
        "conformances": [
          {
            "kind": "Conformance",
            "name": "Sendable",
            "printedName": "Sendable",
            "usr": "s:s8SendableP",
            "mangledName": "$ss8SendableP"
          },
          {
            "kind": "Conformance",
            "name": "Equatable",
            "printedName": "Equatable",
            "usr": "s:SQ",
            "mangledName": "$sSQ"
          },
          {
            "kind": "Conformance",
            "name": "SendableMetatype",
            "printedName": "SendableMetatype",
            "usr": "s:s16SendableMetatypeP",
            "mangledName": "$ss16SendableMetatypeP"
          },
          {
            "kind": "Conformance",
            "name": "Copyable",
            "printedName": "Copyable",
            "usr": "s:s8CopyableP",
            "mangledName": "$ss8CopyableP"
          },
          {
            "kind": "Conformance",
            "name": "Escapable",
            "printedName": "Escapable",
            "usr": "s:s9EscapableP",
            "mangledName": "$ss9EscapableP"
          }
        ]
      },
      {
        "kind": "TypeDecl",
        "name": "Preliminary_InfiniteColliderPlane",
        "printedName": "Preliminary_InfiniteColliderPlane",
        "children": [
          {
            "kind": "Function",
            "name": "extract",
            "printedName": "extract(from:)",
            "children": [
              {
                "kind": "TypeNominal",
                "name": "Optional",
                "printedName": "AppleUSDSchemas.Preliminary_InfiniteColliderPlane?",
                "children": [
                  {
                    "kind": "TypeNominal",
                    "name": "Preliminary_InfiniteColliderPlane",
                    "printedName": "AppleUSDSchemas.Preliminary_InfiniteColliderPlane",
                    "usr": "s:15AppleUSDSchemas33Preliminary_InfiniteColliderPlaneV"
                  }
                ],
                "usr": "s:Sq"
              },
              {
                "kind": "TypeNominal",
                "name": "UsdPrim",
                "printedName": "__ObjC.pxrInternal_v0_25_8__pxrReserved__.UsdPrim",
                "usr": "c:@N@pxrInternal_v0_25_8__pxrReserved__@S@UsdPrim"
              }
            ],
            "declKind": "Func",
            "usr": "s:15AppleUSDSchemas33Preliminary_InfiniteColliderPlaneV0aB3USDE7extract4fromACSgSo021pxrInternal_v0_25_8__J10Reserved__O7UsdPrimV_tFZ",
            "mangledName": "$s15AppleUSDSchemas33Preliminary_InfiniteColliderPlaneV0aB3USDE7extract4fromACSgSo021pxrInternal_v0_25_8__J10Reserved__O7UsdPrimV_tFZ",
            "moduleName": "AppleUSDSchemasUSD",
            "static": true,
            "declAttributes": [
              "AccessControl"
            ],
            "isFromExtension": true,
            "spi_group_names": [
              "Internal"
            ],
            "funcSelfKind": "NonMutating"
          },
          {
            "kind": "Function",
            "name": "define",
            "printedName": "define(in:at:)",
            "children": [
              {
                "kind": "TypeNominal",
                "name": "UsdPrim",
                "printedName": "__ObjC.pxrInternal_v0_25_8__pxrReserved__.UsdPrim",
                "usr": "c:@N@pxrInternal_v0_25_8__pxrReserved__@S@UsdPrim"
              },
              {
                "kind": "TypeNominal",
                "name": "UsdStage",
                "printedName": "__ObjC.pxrInternal_v0_25_8__pxrReserved__.UsdStage",
                "usr": "c:@N@pxrInternal_v0_25_8__pxrReserved__@S@UsdStage"
              },
              {
                "kind": "TypeNominal",
                "name": "String",
                "printedName": "Swift.String",
                "usr": "s:SS"
              }
            ],
            "declKind": "Func",
            "usr": "s:15AppleUSDSchemas33Preliminary_InfiniteColliderPlaneV0aB3USDE6define2in2atSo021pxrInternal_v0_25_8__K10Reserved__O7UsdPrimVAI0O5StageV_SStF",
            "mangledName": "$s15AppleUSDSchemas33Preliminary_InfiniteColliderPlaneV0aB3USDE6define2in2atSo021pxrInternal_v0_25_8__K10Reserved__O7UsdPrimVAI0O5StageV_SStF",
            "moduleName": "AppleUSDSchemasUSD",
            "declAttributes": [
              "AccessControl"
            ],
            "isFromExtension": true,
            "spi_group_names": [
              "Internal"
            ],
            "funcSelfKind": "NonMutating"
          }
        ],
        "declKind": "Struct",
        "usr": "s:15AppleUSDSchemas33Preliminary_InfiniteColliderPlaneV",
        "mangledName": "$s15AppleUSDSchemas33Preliminary_InfiniteColliderPlaneV",
        "moduleName": "AppleUSDSchemas",
        "isExternal": true,
        "conformances": [
          {
            "kind": "Conformance",
            "name": "Sendable",
            "printedName": "Sendable",
            "usr": "s:s8SendableP",
            "mangledName": "$ss8SendableP"
          },
          {
            "kind": "Conformance",
            "name": "Equatable",
            "printedName": "Equatable",
            "usr": "s:SQ",
            "mangledName": "$sSQ"
          },
          {
            "kind": "Conformance",
            "name": "SendableMetatype",
            "printedName": "SendableMetatype",
            "usr": "s:s16SendableMetatypeP",
            "mangledName": "$ss16SendableMetatypeP"
          },
          {
            "kind": "Conformance",
            "name": "Copyable",
            "printedName": "Copyable",
            "usr": "s:s8CopyableP",
            "mangledName": "$ss8CopyableP"
          },
          {
            "kind": "Conformance",
            "name": "Escapable",
            "printedName": "Escapable",
            "usr": "s:s9EscapableP",
            "mangledName": "$ss9EscapableP"
          }
        ]
      },
      {
        "kind": "TypeDecl",
        "name": "Preliminary_PhysicsMaterialAPI",
        "printedName": "Preliminary_PhysicsMaterialAPI",
        "children": [
          {
            "kind": "Function",
            "name": "extract",
            "printedName": "extract(from:)",
            "children": [
              {
                "kind": "TypeNominal",
                "name": "Optional",
                "printedName": "AppleUSDSchemas.Preliminary_PhysicsMaterialAPI?",
                "children": [
                  {
                    "kind": "TypeNominal",
                    "name": "Preliminary_PhysicsMaterialAPI",
                    "printedName": "AppleUSDSchemas.Preliminary_PhysicsMaterialAPI",
                    "usr": "s:15AppleUSDSchemas30Preliminary_PhysicsMaterialAPIV"
                  }
                ],
                "usr": "s:Sq"
              },
              {
                "kind": "TypeNominal",
                "name": "UsdPrim",
                "printedName": "__ObjC.pxrInternal_v0_25_8__pxrReserved__.UsdPrim",
                "usr": "c:@N@pxrInternal_v0_25_8__pxrReserved__@S@UsdPrim"
              }
            ],
            "declKind": "Func",
            "usr": "s:15AppleUSDSchemas30Preliminary_PhysicsMaterialAPIV0aB3USDE7extract4fromACSgSo021pxrInternal_v0_25_8__J10Reserved__O7UsdPrimV_tFZ",
            "mangledName": "$s15AppleUSDSchemas30Preliminary_PhysicsMaterialAPIV0aB3USDE7extract4fromACSgSo021pxrInternal_v0_25_8__J10Reserved__O7UsdPrimV_tFZ",
            "moduleName": "AppleUSDSchemasUSD",
            "static": true,
            "declAttributes": [
              "AccessControl"
            ],
            "isFromExtension": true,
            "spi_group_names": [
              "Internal"
            ],
            "funcSelfKind": "NonMutating"
          },
          {
            "kind": "Function",
            "name": "apply",
            "printedName": "apply(to:)",
            "children": [
              {
                "kind": "TypeNominal",
                "name": "Void",
                "printedName": "()"
              },
              {
                "kind": "TypeNominal",
                "name": "UsdPrim",
                "printedName": "__ObjC.pxrInternal_v0_25_8__pxrReserved__.UsdPrim",
                "usr": "c:@N@pxrInternal_v0_25_8__pxrReserved__@S@UsdPrim"
              }
            ],
            "declKind": "Func",
            "usr": "s:15AppleUSDSchemas30Preliminary_PhysicsMaterialAPIV0aB3USDE5apply2toySo021pxrInternal_v0_25_8__J10Reserved__O7UsdPrimV_tF",
            "mangledName": "$s15AppleUSDSchemas30Preliminary_PhysicsMaterialAPIV0aB3USDE5apply2toySo021pxrInternal_v0_25_8__J10Reserved__O7UsdPrimV_tF",
            "moduleName": "AppleUSDSchemasUSD",
            "declAttributes": [
              "AccessControl"
            ],
            "isFromExtension": true,
            "spi_group_names": [
              "Internal"
            ],
            "funcSelfKind": "NonMutating"
          }
        ],
        "declKind": "Struct",
        "usr": "s:15AppleUSDSchemas30Preliminary_PhysicsMaterialAPIV",
        "mangledName": "$s15AppleUSDSchemas30Preliminary_PhysicsMaterialAPIV",
        "moduleName": "AppleUSDSchemas",
        "isExternal": true,
        "conformances": [
          {
            "kind": "Conformance",
            "name": "Sendable",
            "printedName": "Sendable",
            "usr": "s:s8SendableP",
            "mangledName": "$ss8SendableP"
          },
          {
            "kind": "Conformance",
            "name": "Equatable",
            "printedName": "Equatable",
            "usr": "s:SQ",
            "mangledName": "$sSQ"
          },
          {
            "kind": "Conformance",
            "name": "SendableMetatype",
            "printedName": "SendableMetatype",
            "usr": "s:s16SendableMetatypeP",
            "mangledName": "$ss16SendableMetatypeP"
          },
          {
            "kind": "Conformance",
            "name": "Copyable",
            "printedName": "Copyable",
            "usr": "s:s8CopyableP",
            "mangledName": "$ss8CopyableP"
          },
          {
            "kind": "Conformance",
            "name": "Escapable",
            "printedName": "Escapable",
            "usr": "s:s9EscapableP",
            "mangledName": "$ss9EscapableP"
          }
        ]
      },
      {
        "kind": "TypeDecl",
        "name": "Preliminary_PhysicsRigidBodyAPI",
        "printedName": "Preliminary_PhysicsRigidBodyAPI",
        "children": [
          {
            "kind": "Function",
            "name": "extract",
            "printedName": "extract(from:)",
            "children": [
              {
                "kind": "TypeNominal",
                "name": "Optional",
                "printedName": "AppleUSDSchemas.Preliminary_PhysicsRigidBodyAPI?",
                "children": [
                  {
                    "kind": "TypeNominal",
                    "name": "Preliminary_PhysicsRigidBodyAPI",
                    "printedName": "AppleUSDSchemas.Preliminary_PhysicsRigidBodyAPI",
                    "usr": "s:15AppleUSDSchemas31Preliminary_PhysicsRigidBodyAPIV"
                  }
                ],
                "usr": "s:Sq"
              },
              {
                "kind": "TypeNominal",
                "name": "UsdPrim",
                "printedName": "__ObjC.pxrInternal_v0_25_8__pxrReserved__.UsdPrim",
                "usr": "c:@N@pxrInternal_v0_25_8__pxrReserved__@S@UsdPrim"
              }
            ],
            "declKind": "Func",
            "usr": "s:15AppleUSDSchemas31Preliminary_PhysicsRigidBodyAPIV0aB3USDE7extract4fromACSgSo021pxrInternal_v0_25_8__K10Reserved__O7UsdPrimV_tFZ",
            "mangledName": "$s15AppleUSDSchemas31Preliminary_PhysicsRigidBodyAPIV0aB3USDE7extract4fromACSgSo021pxrInternal_v0_25_8__K10Reserved__O7UsdPrimV_tFZ",
            "moduleName": "AppleUSDSchemasUSD",
            "static": true,
            "declAttributes": [
              "AccessControl"
            ],
            "isFromExtension": true,
            "spi_group_names": [
              "Internal"
            ],
            "funcSelfKind": "NonMutating"
          },
          {
            "kind": "Function",
            "name": "apply",
            "printedName": "apply(to:)",
            "children": [
              {
                "kind": "TypeNominal",
                "name": "Void",
                "printedName": "()"
              },
              {
                "kind": "TypeNominal",
                "name": "UsdPrim",
                "printedName": "__ObjC.pxrInternal_v0_25_8__pxrReserved__.UsdPrim",
                "usr": "c:@N@pxrInternal_v0_25_8__pxrReserved__@S@UsdPrim"
              }
            ],
            "declKind": "Func",
            "usr": "s:15AppleUSDSchemas31Preliminary_PhysicsRigidBodyAPIV0aB3USDE5apply2toySo021pxrInternal_v0_25_8__K10Reserved__O7UsdPrimV_tF",
            "mangledName": "$s15AppleUSDSchemas31Preliminary_PhysicsRigidBodyAPIV0aB3USDE5apply2toySo021pxrInternal_v0_25_8__K10Reserved__O7UsdPrimV_tF",
            "moduleName": "AppleUSDSchemasUSD",
            "declAttributes": [
              "AccessControl"
            ],
            "isFromExtension": true,
            "spi_group_names": [
              "Internal"
            ],
            "funcSelfKind": "NonMutating"
          }
        ],
        "declKind": "Struct",
        "usr": "s:15AppleUSDSchemas31Preliminary_PhysicsRigidBodyAPIV",
        "mangledName": "$s15AppleUSDSchemas31Preliminary_PhysicsRigidBodyAPIV",
        "moduleName": "AppleUSDSchemas",
        "isExternal": true,
        "conformances": [
          {
            "kind": "Conformance",
            "name": "Sendable",
            "printedName": "Sendable",
            "usr": "s:s8SendableP",
            "mangledName": "$ss8SendableP"
          },
          {
            "kind": "Conformance",
            "name": "Equatable",
            "printedName": "Equatable",
            "usr": "s:SQ",
            "mangledName": "$sSQ"
          },
          {
            "kind": "Conformance",
            "name": "SendableMetatype",
            "printedName": "SendableMetatype",
            "usr": "s:s16SendableMetatypeP",
            "mangledName": "$ss16SendableMetatypeP"
          },
          {
            "kind": "Conformance",
            "name": "Copyable",
            "printedName": "Copyable",
            "usr": "s:s8CopyableP",
            "mangledName": "$ss8CopyableP"
          },
          {
            "kind": "Conformance",
            "name": "Escapable",
            "printedName": "Escapable",
            "usr": "s:s9EscapableP",
            "mangledName": "$ss9EscapableP"
          }
        ]
      },
      {
        "kind": "TypeDecl",
        "name": "Preliminary_ReferenceImage",
        "printedName": "Preliminary_ReferenceImage",
        "children": [
          {
            "kind": "Function",
            "name": "extract",
            "printedName": "extract(from:)",
            "children": [
              {
                "kind": "TypeNominal",
                "name": "Optional",
                "printedName": "AppleUSDSchemas.Preliminary_ReferenceImage?",
                "children": [
                  {
                    "kind": "TypeNominal",
                    "name": "Preliminary_ReferenceImage",
                    "printedName": "AppleUSDSchemas.Preliminary_ReferenceImage",
                    "usr": "s:15AppleUSDSchemas26Preliminary_ReferenceImageV"
                  }
                ],
                "usr": "s:Sq"
              },
              {
                "kind": "TypeNominal",
                "name": "UsdPrim",
                "printedName": "__ObjC.pxrInternal_v0_25_8__pxrReserved__.UsdPrim",
                "usr": "c:@N@pxrInternal_v0_25_8__pxrReserved__@S@UsdPrim"
              }
            ],
            "declKind": "Func",
            "usr": "s:15AppleUSDSchemas26Preliminary_ReferenceImageV0aB3USDE7extract4fromACSgSo021pxrInternal_v0_25_8__I10Reserved__O7UsdPrimV_tFZ",
            "mangledName": "$s15AppleUSDSchemas26Preliminary_ReferenceImageV0aB3USDE7extract4fromACSgSo021pxrInternal_v0_25_8__I10Reserved__O7UsdPrimV_tFZ",
            "moduleName": "AppleUSDSchemasUSD",
            "static": true,
            "declAttributes": [
              "AccessControl"
            ],
            "isFromExtension": true,
            "spi_group_names": [
              "Internal"
            ],
            "funcSelfKind": "NonMutating"
          },
          {
            "kind": "Function",
            "name": "define",
            "printedName": "define(in:at:)",
            "children": [
              {
                "kind": "TypeNominal",
                "name": "UsdPrim",
                "printedName": "__ObjC.pxrInternal_v0_25_8__pxrReserved__.UsdPrim",
                "usr": "c:@N@pxrInternal_v0_25_8__pxrReserved__@S@UsdPrim"
              },
              {
                "kind": "TypeNominal",
                "name": "UsdStage",
                "printedName": "__ObjC.pxrInternal_v0_25_8__pxrReserved__.UsdStage",
                "usr": "c:@N@pxrInternal_v0_25_8__pxrReserved__@S@UsdStage"
              },
              {
                "kind": "TypeNominal",
                "name": "String",
                "printedName": "Swift.String",
                "usr": "s:SS"
              }
            ],
            "declKind": "Func",
            "usr": "s:15AppleUSDSchemas26Preliminary_ReferenceImageV0aB3USDE6define2in2atSo021pxrInternal_v0_25_8__J10Reserved__O7UsdPrimVAI0N5StageV_SStF",
            "mangledName": "$s15AppleUSDSchemas26Preliminary_ReferenceImageV0aB3USDE6define2in2atSo021pxrInternal_v0_25_8__J10Reserved__O7UsdPrimVAI0N5StageV_SStF",
            "moduleName": "AppleUSDSchemasUSD",
            "declAttributes": [
              "AccessControl"
            ],
            "isFromExtension": true,
            "spi_group_names": [
              "Internal"
            ],
            "funcSelfKind": "NonMutating"
          }
        ],
        "declKind": "Struct",
        "usr": "s:15AppleUSDSchemas26Preliminary_ReferenceImageV",
        "mangledName": "$s15AppleUSDSchemas26Preliminary_ReferenceImageV",
        "moduleName": "AppleUSDSchemas",
        "isExternal": true,
        "conformances": [
          {
            "kind": "Conformance",
            "name": "Sendable",
            "printedName": "Sendable",
            "usr": "s:s8SendableP",
            "mangledName": "$ss8SendableP"
          },
          {
            "kind": "Conformance",
            "name": "Equatable",
            "printedName": "Equatable",
            "usr": "s:SQ",
            "mangledName": "$sSQ"
          },
          {
            "kind": "Conformance",
            "name": "SendableMetatype",
            "printedName": "SendableMetatype",
            "usr": "s:s16SendableMetatypeP",
            "mangledName": "$ss16SendableMetatypeP"
          },
          {
            "kind": "Conformance",
            "name": "Copyable",
            "printedName": "Copyable",
            "usr": "s:s8CopyableP",
            "mangledName": "$ss8CopyableP"
          },
          {
            "kind": "Conformance",
            "name": "Escapable",
            "printedName": "Escapable",
            "usr": "s:s9EscapableP",
            "mangledName": "$ss9EscapableP"
          }
        ]
      },
      {
        "kind": "TypeDecl",
        "name": "Preliminary_Text",
        "printedName": "Preliminary_Text",
        "children": [
          {
            "kind": "Function",
            "name": "extract",
            "printedName": "extract(from:)",
            "children": [
              {
                "kind": "TypeNominal",
                "name": "Optional",
                "printedName": "AppleUSDSchemas.Preliminary_Text?",
                "children": [
                  {
                    "kind": "TypeNominal",
                    "name": "Preliminary_Text",
                    "printedName": "AppleUSDSchemas.Preliminary_Text",
                    "usr": "s:15AppleUSDSchemas16Preliminary_TextV"
                  }
                ],
                "usr": "s:Sq"
              },
              {
                "kind": "TypeNominal",
                "name": "UsdPrim",
                "printedName": "__ObjC.pxrInternal_v0_25_8__pxrReserved__.UsdPrim",
                "usr": "c:@N@pxrInternal_v0_25_8__pxrReserved__@S@UsdPrim"
              }
            ],
            "declKind": "Func",
            "usr": "s:15AppleUSDSchemas16Preliminary_TextV0aB3USDE7extract4fromACSgSo021pxrInternal_v0_25_8__H10Reserved__O7UsdPrimV_tFZ",
            "mangledName": "$s15AppleUSDSchemas16Preliminary_TextV0aB3USDE7extract4fromACSgSo021pxrInternal_v0_25_8__H10Reserved__O7UsdPrimV_tFZ",
            "moduleName": "AppleUSDSchemasUSD",
            "static": true,
            "declAttributes": [
              "AccessControl",
              "RawDocComment"
            ],
            "isFromExtension": true,
            "spi_group_names": [
              "Internal"
            ],
            "funcSelfKind": "NonMutating"
          },
          {
            "kind": "Function",
            "name": "define",
            "printedName": "define(in:at:)",
            "children": [
              {
                "kind": "TypeNominal",
                "name": "UsdPrim",
                "printedName": "__ObjC.pxrInternal_v0_25_8__pxrReserved__.UsdPrim",
                "usr": "c:@N@pxrInternal_v0_25_8__pxrReserved__@S@UsdPrim"
              },
              {
                "kind": "TypeNominal",
                "name": "UsdStage",
                "printedName": "__ObjC.pxrInternal_v0_25_8__pxrReserved__.UsdStage",
                "usr": "c:@N@pxrInternal_v0_25_8__pxrReserved__@S@UsdStage"
              },
              {
                "kind": "TypeNominal",
                "name": "String",
                "printedName": "Swift.String",
                "usr": "s:SS"
              }
            ],
            "declKind": "Func",
            "usr": "s:15AppleUSDSchemas16Preliminary_TextV0aB3USDE6define2in2atSo021pxrInternal_v0_25_8__I10Reserved__O7UsdPrimVAI0M5StageV_SStF",
            "mangledName": "$s15AppleUSDSchemas16Preliminary_TextV0aB3USDE6define2in2atSo021pxrInternal_v0_25_8__I10Reserved__O7UsdPrimVAI0M5StageV_SStF",
            "moduleName": "AppleUSDSchemasUSD",
            "declAttributes": [
              "AccessControl",
              "RawDocComment"
            ],
            "isFromExtension": true,
            "spi_group_names": [
              "Internal"
            ],
            "funcSelfKind": "NonMutating"
          }
        ],
        "declKind": "Struct",
        "usr": "s:15AppleUSDSchemas16Preliminary_TextV",
        "mangledName": "$s15AppleUSDSchemas16Preliminary_TextV",
        "moduleName": "AppleUSDSchemas",
        "isExternal": true,
        "conformances": [
          {
            "kind": "Conformance",
            "name": "Sendable",
            "printedName": "Sendable",
            "usr": "s:s8SendableP",
            "mangledName": "$ss8SendableP"
          },
          {
            "kind": "Conformance",
            "name": "Equatable",
            "printedName": "Equatable",
            "usr": "s:SQ",
            "mangledName": "$sSQ"
          },
          {
            "kind": "Conformance",
            "name": "SendableMetatype",
            "printedName": "SendableMetatype",
            "usr": "s:s16SendableMetatypeP",
            "mangledName": "$ss16SendableMetatypeP"
          },
          {
            "kind": "Conformance",
            "name": "Copyable",
            "printedName": "Copyable",
            "usr": "s:s8CopyableP",
            "mangledName": "$ss8CopyableP"
          },
          {
            "kind": "Conformance",
            "name": "Escapable",
            "printedName": "Escapable",
            "usr": "s:s9EscapableP",
            "mangledName": "$ss9EscapableP"
          }
        ]
      }
    ],
    "json_format_version": 8
  },
  "ConstValues": []
}