{
  "ABIRoot": {
    "kind": "Root",
    "name": "USDInteropAdvancedWorkflows",
    "printedName": "USDInteropAdvancedWorkflows",
    "children": [
      {
        "kind": "Import",
        "name": "OpenUSD",
        "printedName": "OpenUSD",
        "declKind": "Import",
        "moduleName": "USDInteropAdvancedWorkflows",
        "declAttributes": [
          "SPIAccessControl"
        ]
      },
      {
        "kind": "Import",
        "name": "CxxStdlib",
        "printedName": "CxxStdlib",
        "declKind": "Import",
        "moduleName": "USDInteropAdvancedWorkflows"
      },
      {
        "kind": "Import",
        "name": "Foundation",
        "printedName": "Foundation",
        "declKind": "Import",
        "moduleName": "USDInteropAdvancedWorkflows"
      },
      {
        "kind": "Import",
        "name": "OpenUSD",
        "printedName": "OpenUSD",
        "declKind": "Import",
        "moduleName": "USDInteropAdvancedWorkflows",
        "declAttributes": [
          "SPIAccessControl"
        ]
      },
      {
        "kind": "Import",
        "name": "USDInteropCxx",
        "printedName": "USDInteropCxx",
        "declKind": "Import",
        "moduleName": "USDInteropAdvancedWorkflows"
      },
      {
        "kind": "Import",
        "name": "USDInterfaces",
        "printedName": "USDInterfaces",
        "declKind": "Import",
        "moduleName": "USDInteropAdvancedWorkflows"
      },
      {
        "kind": "Import",
        "name": "USDInteropAdvancedCore",
        "printedName": "USDInteropAdvancedCore",
        "declKind": "Import",
        "moduleName": "USDInteropAdvancedWorkflows"
      },
      {
        "kind": "Import",
        "name": "CxxStdlib",
        "printedName": "CxxStdlib",
        "declKind": "Import",
        "moduleName": "USDInteropAdvancedWorkflows"
      },
      {
        "kind": "Import",
        "name": "Foundation",
        "printedName": "Foundation",
        "declKind": "Import",
        "moduleName": "USDInteropAdvancedWorkflows"
      },
      {
        "kind": "Import",
        "name": "OpenUSD",
        "printedName": "OpenUSD",
        "declKind": "Import",
        "moduleName": "USDInteropAdvancedWorkflows",
        "declAttributes": [
          "SPIAccessControl"
        ]
      },
      {
        "kind": "Import",
        "name": "USDInteropAdvancedAppleTools",
        "printedName": "USDInteropAdvancedAppleTools",
        "declKind": "Import",
        "moduleName": "USDInteropAdvancedWorkflows"
      },
      {
        "kind": "Import",
        "name": "USDInterfaces",
        "printedName": "USDInterfaces",
        "declKind": "Import",
        "moduleName": "USDInteropAdvancedWorkflows"
      },
      {
        "kind": "Import",
        "name": "USDInteropAdvancedCore",
        "printedName": "USDInteropAdvancedCore",
        "declKind": "Import",
        "moduleName": "USDInteropAdvancedWorkflows"
      },
      {
        "kind": "Import",
        "name": "USDInteropAdvancedSession",
        "printedName": "USDInteropAdvancedSession",
        "declKind": "Import",
        "moduleName": "USDInteropAdvancedWorkflows",
        "declAttributes": [
          "Exported"
        ]
      },
      {
        "kind": "Import",
        "name": "USDInteropAdvancedSurgery",
        "printedName": "USDInteropAdvancedSurgery",
        "declKind": "Import",
        "moduleName": "USDInteropAdvancedWorkflows",
        "declAttributes": [
          "Exported"
        ]
      },
      {
        "kind": "Import",
        "name": "USDInteropAdvancedCore",
        "printedName": "USDInteropAdvancedCore",
        "declKind": "Import",
        "moduleName": "USDInteropAdvancedWorkflows"
      },
      {
        "kind": "Import",
        "name": "USDInterfaces",
        "printedName": "USDInterfaces",
        "declKind": "Import",
        "moduleName": "USDInteropAdvancedWorkflows"
      },
      {
        "kind": "TypeDecl",
        "name": "USDAdvancedClient",
        "printedName": "USDAdvancedClient",
        "children": [
          {
            "kind": "Function",
            "name": "convertPluginToUsdc",
            "printedName": "convertPluginToUsdc(sourceURL:outputUSDC:resourcesURL:)",
            "children": [
              {
                "kind": "TypeNominal",
                "name": "Void",
                "printedName": "()"
              },
              {
                "kind": "TypeNominal",
                "name": "URL",
                "printedName": "Foundation.URL",
                "usr": "s:10Foundation3URLV"
              },
              {
                "kind": "TypeNominal",
                "name": "URL",
                "printedName": "Foundation.URL",
                "usr": "s:10Foundation3URLV"
              },
              {
                "kind": "TypeNominal",
                "name": "URL",
                "printedName": "Foundation.URL",
                "usr": "s:10Foundation3URLV"
              }
            ],
            "declKind": "Func",
            "usr": "s:22USDInteropAdvancedCore17USDAdvancedClientV0aB9WorkflowsE19convertPluginToUsdc9sourceURL10outputUSDC09resourcesL0y10Foundation0L0V_A2KtKF",
            "mangledName": "$s22USDInteropAdvancedCore17USDAdvancedClientV0aB9WorkflowsE19convertPluginToUsdc9sourceURL10outputUSDC09resourcesL0y10Foundation0L0V_A2KtKF",
            "moduleName": "USDInteropAdvancedWorkflows",
            "declAttributes": [
              "RawDocComment"
            ],
            "isFromExtension": true,
            "throwing": true,
            "funcSelfKind": "NonMutating"
          },
          {
            "kind": "Function",
            "name": "fixTexturePaths",
            "printedName": "fixTexturePaths(in:resourcesDir:sourceDir:)",
            "children": [
              {
                "kind": "TypeNominal",
                "name": "Void",
                "printedName": "()"
              },
              {
                "kind": "TypeNominal",
                "name": "URL",
                "printedName": "Foundation.URL",
                "usr": "s:10Foundation3URLV"
              },
              {
                "kind": "TypeNominal",
                "name": "URL",
                "printedName": "Foundation.URL",
                "usr": "s:10Foundation3URLV"
              },
              {
                "kind": "TypeNominal",
                "name": "URL",
                "printedName": "Foundation.URL",
                "usr": "s:10Foundation3URLV"
              }
            ],
            "declKind": "Func",
            "usr": "s:22USDInteropAdvancedCore17USDAdvancedClientV0aB9WorkflowsE15fixTexturePaths2in12resourcesDir06sourceL0y10Foundation3URLV_A2KtKF",
            "mangledName": "$s22USDInteropAdvancedCore17USDAdvancedClientV0aB9WorkflowsE15fixTexturePaths2in12resourcesDir06sourceL0y10Foundation3URLV_A2KtKF",
            "moduleName": "USDInteropAdvancedWorkflows",
            "declAttributes": [
              "RawDocComment"
            ],
            "isFromExtension": true,
            "throwing": true,
            "funcSelfKind": "NonMutating"
          },
          {
            "kind": "Function",
            "name": "fixTextureWiring",
            "printedName": "fixTextureWiring(in:)",
            "children": [
              {
                "kind": "TypeNominal",
                "name": "Void",
                "printedName": "()"
              },
              {
                "kind": "TypeNominal",
                "name": "URL",
                "printedName": "Foundation.URL",
                "usr": "s:10Foundation3URLV"
              }
            ],
            "declKind": "Func",
            "usr": "s:22USDInteropAdvancedCore17USDAdvancedClientV0aB9WorkflowsE16fixTextureWiring2iny10Foundation3URLV_tKF",
            "mangledName": "$s22USDInteropAdvancedCore17USDAdvancedClientV0aB9WorkflowsE16fixTextureWiring2iny10Foundation3URLV_tKF",
            "moduleName": "USDInteropAdvancedWorkflows",
            "declAttributes": [
              "RawDocComment"
            ],
            "isFromExtension": true,
            "throwing": true,
            "funcSelfKind": "NonMutating"
          },
          {
            "kind": "Function",
            "name": "combineVariants",
            "printedName": "combineVariants(config:outputURL:)",
            "children": [
              {
                "kind": "TypeNominal",
                "name": "USDVariantCombineResult",
                "printedName": "USDInterfaces.USDVariantCombineResult",
                "usr": "s:13USDInterfaces23USDVariantCombineResultV"
              },
              {
                "kind": "TypeNominal",
                "name": "USDVariantCombineConfig",
                "printedName": "USDInterfaces.USDVariantCombineConfig",
                "usr": "s:13USDInterfaces23USDVariantCombineConfigV"
              },
              {
                "kind": "TypeNominal",
                "name": "URL",
                "printedName": "Foundation.URL",
                "usr": "s:10Foundation3URLV"
              }
            ],
            "declKind": "Func",
            "usr": "s:22USDInteropAdvancedCore17USDAdvancedClientV0aB9WorkflowsE15combineVariants6config9outputURL13USDInterfaces23USDVariantCombineResultVAH0mN6ConfigV_10Foundation0K0VtYaKF",
            "mangledName": "$s22USDInteropAdvancedCore17USDAdvancedClientV0aB9WorkflowsE15combineVariants6config9outputURL13USDInterfaces23USDVariantCombineResultVAH0mN6ConfigV_10Foundation0K0VtYaKF",
            "moduleName": "USDInteropAdvancedWorkflows",
            "declAttributes": [
              "RawDocComment"
            ],
            "isFromExtension": true,
            "throwing": true,
            "funcSelfKind": "NonMutating"
          },
          {
            "kind": "Function",
            "name": "exportVariantSelection",
            "printedName": "exportVariantSelection(sourceURL:selections:outputURL:)",
            "children": [
              {
                "kind": "TypeNominal",
                "name": "URL",
                "printedName": "Foundation.URL",
                "usr": "s:10Foundation3URLV"
              },
              {
                "kind": "TypeNominal",
                "name": "URL",
                "printedName": "Foundation.URL",
                "usr": "s:10Foundation3URLV"
              },
              {
                "kind": "TypeNominal",
                "name": "Dictionary",
                "printedName": "[Swift.String : Swift.String]",
                "children": [
                  {
                    "kind": "TypeNominal",
                    "name": "String",
                    "printedName": "Swift.String",
                    "usr": "s:SS"
                  },
                  {
                    "kind": "TypeNominal",
                    "name": "String",
                    "printedName": "Swift.String",
                    "usr": "s:SS"
                  }
                ],
                "usr": "s:SD"
              },
              {
                "kind": "TypeNominal",
                "name": "URL",
                "printedName": "Foundation.URL",
                "usr": "s:10Foundation3URLV"
              }
            ],
            "declKind": "Func",
            "usr": "s:22USDInteropAdvancedCore17USDAdvancedClientV0aB9WorkflowsE22exportVariantSelection9sourceURL10selections06outputK010Foundation0K0VAK_SDyS2SGAKtKF",
            "mangledName": "$s22USDInteropAdvancedCore17USDAdvancedClientV0aB9WorkflowsE22exportVariantSelection9sourceURL10selections06outputK010Foundation0K0VAK_SDyS2SGAKtKF",
            "moduleName": "USDInteropAdvancedWorkflows",
            "declAttributes": [
              "RawDocComment"
            ],
            "isFromExtension": true,
            "throwing": true,
            "funcSelfKind": "NonMutating"
          }
        ],
        "declKind": "Struct",
        "usr": "s:22USDInteropAdvancedCore17USDAdvancedClientV",
        "mangledName": "$s22USDInteropAdvancedCore17USDAdvancedClientV",
        "moduleName": "USDInteropAdvancedCore",
        "isExternal": true,
        "conformances": [
          {
            "kind": "Conformance",
            "name": "Sendable",
            "printedName": "Sendable",
            "usr": "s:s8SendableP",
            "mangledName": "$ss8SendableP"
          },
          {
            "kind": "Conformance",
            "name": "SendableMetatype",
            "printedName": "SendableMetatype",
            "usr": "s:s16SendableMetatypeP",
            "mangledName": "$ss16SendableMetatypeP"
          },
          {
            "kind": "Conformance",
            "name": "Copyable",
            "printedName": "Copyable",
            "usr": "s:s8CopyableP",
            "mangledName": "$ss8CopyableP"
          },
          {
            "kind": "Conformance",
            "name": "Escapable",
            "printedName": "Escapable",
            "usr": "s:s9EscapableP",
            "mangledName": "$ss9EscapableP"
          },
          {
            "kind": "Conformance",
            "name": "USDDefaultPrimEditing",
            "printedName": "USDDefaultPrimEditing",
            "usr": "s:13USDInterfaces21USDDefaultPrimEditingP",
            "mangledName": "$s13USDInterfaces21USDDefaultPrimEditingP"
          },
          {
            "kind": "Conformance",
            "name": "USDPrimListing",
            "printedName": "USDPrimListing",
            "usr": "s:13USDInterfaces14USDPrimListingP",
            "mangledName": "$s13USDInterfaces14USDPrimListingP"
          },
          {
            "kind": "Conformance",
            "name": "USDPrimTransformEditing",
            "printedName": "USDPrimTransformEditing",
            "usr": "s:13USDInterfaces23USDPrimTransformEditingP",
            "mangledName": "$s13USDInterfaces23USDPrimTransformEditingP"
          },
          {
            "kind": "Conformance",
            "name": "USDSchemaApplying",
            "printedName": "USDSchemaApplying",
            "usr": "s:13USDInterfaces17USDSchemaApplyingP",
            "mangledName": "$s13USDInterfaces17USDSchemaApplyingP"
          },
          {
            "kind": "Conformance",
            "name": "USDVariantCombining",
            "printedName": "USDVariantCombining",
            "usr": "s:13USDInterfaces19USDVariantCombiningP",
            "mangledName": "$s13USDInterfaces19USDVariantCombiningP"
          },
          {
            "kind": "Conformance",
            "name": "USDVariantEditing",
            "printedName": "USDVariantEditing",
            "usr": "s:13USDInterfaces17USDVariantEditingP",
            "mangledName": "$s13USDInterfaces17USDVariantEditingP"
          }
        ]
      }
    ],
    "json_format_version": 8
  },
  "ConstValues": []
}