{
  "ABIRoot": {
    "kind": "Root",
    "name": "USDInteropAdvancedAppleTools",
    "printedName": "USDInteropAdvancedAppleTools",
    "children": [
      {
        "kind": "Import",
        "name": "Foundation",
        "printedName": "Foundation",
        "declKind": "Import",
        "moduleName": "USDInteropAdvancedAppleTools"
      },
      {
        "kind": "TypeDecl",
        "name": "USDZipTool",
        "printedName": "USDZipTool",
        "children": [
          {
            "kind": "TypeDecl",
            "name": "Error",
            "printedName": "Error",
            "children": [
              {
                "kind": "Var",
                "name": "toolNotFound",
                "printedName": "toolNotFound",
                "children": [
                  {
                    "kind": "TypeFunc",
                    "name": "Function",
                    "printedName": "(USDInteropAdvancedAppleTools.USDZipTool.Error.Type) -> USDInteropAdvancedAppleTools.USDZipTool.Error",
                    "children": [
                      {
                        "kind": "TypeNominal",
                        "name": "Error",
                        "printedName": "USDInteropAdvancedAppleTools.USDZipTool.Error",
                        "usr": "s:28USDInteropAdvancedAppleTools10USDZipToolO5ErrorO"
                      },
                      {
                        "kind": "TypeNominal",
                        "name": "Metatype",
                        "printedName": "USDInteropAdvancedAppleTools.USDZipTool.Error.Type",
                        "children": [
                          {
                            "kind": "TypeNominal",
                            "name": "Error",
                            "printedName": "USDInteropAdvancedAppleTools.USDZipTool.Error",
                            "usr": "s:28USDInteropAdvancedAppleTools10USDZipToolO5ErrorO"
                          }
                        ]
                      }
                    ]
                  }
                ],
                "declKind": "EnumElement",
                "usr": "s:28USDInteropAdvancedAppleTools10USDZipToolO5ErrorO12toolNotFoundyA2EmF",
                "mangledName": "$s28USDInteropAdvancedAppleTools10USDZipToolO5ErrorO12toolNotFoundyA2EmF",
                "moduleName": "USDInteropAdvancedAppleTools"
              },
              {
                "kind": "Var",
                "name": "nonZeroExit",
                "printedName": "nonZeroExit",
                "children": [
                  {
                    "kind": "TypeFunc",
                    "name": "Function",
                    "printedName": "(USDInteropAdvancedAppleTools.USDZipTool.Error.Type) -> (Swift.Int32, Swift.String?) -> USDInteropAdvancedAppleTools.USDZipTool.Error",
                    "children": [
                      {
                        "kind": "TypeFunc",
                        "name": "Function",
                        "printedName": "(Swift.Int32, Swift.String?) -> USDInteropAdvancedAppleTools.USDZipTool.Error",
                        "children": [
                          {
                            "kind": "TypeNominal",
                            "name": "Error",
                            "printedName": "USDInteropAdvancedAppleTools.USDZipTool.Error",
                            "usr": "s:28USDInteropAdvancedAppleTools10USDZipToolO5ErrorO"
                          },
                          {
                            "kind": "TypeNominal",
                            "name": "Tuple",
                            "printedName": "(code: Swift.Int32, stderr: Swift.String?)",
                            "children": [
                              {
                                "kind": "TypeNominal",
                                "name": "Int32",
                                "printedName": "Swift.Int32",
                                "usr": "s:s5Int32V"
                              },
                              {
                                "kind": "TypeNominal",
                                "name": "Optional",
                                "printedName": "Swift.String?",
                                "children": [
                                  {
                                    "kind": "TypeNominal",
                                    "name": "String",
                                    "printedName": "Swift.String",
                                    "usr": "s:SS"
                                  }
                                ],
                                "usr": "s:Sq"
                              }
                            ]
                          }
                        ]
                      },
                      {
                        "kind": "TypeNominal",
                        "name": "Metatype",
                        "printedName": "USDInteropAdvancedAppleTools.USDZipTool.Error.Type",
                        "children": [
                          {
                            "kind": "TypeNominal",
                            "name": "Error",
                            "printedName": "USDInteropAdvancedAppleTools.USDZipTool.Error",
                            "usr": "s:28USDInteropAdvancedAppleTools10USDZipToolO5ErrorO"
                          }
                        ]
                      }
                    ]
                  }
                ],
                "declKind": "EnumElement",
                "usr": "s:28USDInteropAdvancedAppleTools10USDZipToolO5ErrorO11nonZeroExityAEs5Int32V_SSSgtcAEmF",
                "mangledName": "$s28USDInteropAdvancedAppleTools10USDZipToolO5ErrorO11nonZeroExityAEs5Int32V_SSSgtcAEmF",
                "moduleName": "USDInteropAdvancedAppleTools"
              },
              {
                "kind": "Var",
                "name": "errorDescription",
                "printedName": "errorDescription",
                "children": [
                  {
                    "kind": "TypeNominal",
                    "name": "Optional",
                    "printedName": "Swift.String?",
                    "children": [
                      {
                        "kind": "TypeNominal",
                        "name": "String",
                        "printedName": "Swift.String",
                        "usr": "s:SS"
                      }
                    ],
                    "usr": "s:Sq"
                  }
                ],
                "declKind": "Var",
                "usr": "s:28USDInteropAdvancedAppleTools10USDZipToolO5ErrorO16errorDescriptionSSSgvp",
                "mangledName": "$s28USDInteropAdvancedAppleTools10USDZipToolO5ErrorO16errorDescriptionSSSgvp",
                "moduleName": "USDInteropAdvancedAppleTools",
                "declAttributes": [
                  "AccessControl"
                ],
                "accessors": [
                  {
                    "kind": "Accessor",
                    "name": "Get",
                    "printedName": "Get()",
                    "children": [
                      {
                        "kind": "TypeNominal",
                        "name": "Optional",
                        "printedName": "Swift.String?",
                        "children": [
                          {
                            "kind": "TypeNominal",
                            "name": "String",
                            "printedName": "Swift.String",
                            "usr": "s:SS"
                          }
                        ],
                        "usr": "s:Sq"
                      }
                    ],
                    "declKind": "Accessor",
                    "usr": "s:28USDInteropAdvancedAppleTools10USDZipToolO5ErrorO16errorDescriptionSSSgvg",
                    "mangledName": "$s28USDInteropAdvancedAppleTools10USDZipToolO5ErrorO16errorDescriptionSSSgvg",
                    "moduleName": "USDInteropAdvancedAppleTools",
                    "accessorKind": "get"
                  }
                ]
              }
            ],
            "declKind": "Enum",
            "usr": "s:28USDInteropAdvancedAppleTools10USDZipToolO5ErrorO",
            "mangledName": "$s28USDInteropAdvancedAppleTools10USDZipToolO5ErrorO",
            "moduleName": "USDInteropAdvancedAppleTools",
            "declAttributes": [
              "AccessControl"
            ],
            "conformances": [
              {
                "kind": "Conformance",
                "name": "Copyable",
                "printedName": "Copyable",
                "usr": "s:s8CopyableP",
                "mangledName": "$ss8CopyableP"
              },
              {
                "kind": "Conformance",
                "name": "Escapable",
                "printedName": "Escapable",
                "usr": "s:s9EscapableP",
                "mangledName": "$ss9EscapableP"
              },
              {
                "kind": "Conformance",
                "name": "Error",
                "printedName": "Error",
                "usr": "s:s5ErrorP",
                "mangledName": "$ss5ErrorP"
              },
              {
                "kind": "Conformance",
                "name": "LocalizedError",
                "printedName": "LocalizedError",
                "usr": "s:10Foundation14LocalizedErrorP",
                "mangledName": "$s10Foundation14LocalizedErrorP"
              },
              {
                "kind": "Conformance",
                "name": "Sendable",
                "printedName": "Sendable",
                "usr": "s:s8SendableP",
                "mangledName": "$ss8SendableP"
              },
              {
                "kind": "Conformance",
                "name": "SendableMetatype",
                "printedName": "SendableMetatype",
                "usr": "s:s16SendableMetatypeP",
                "mangledName": "$ss16SendableMetatypeP"
              }
            ]
          },
          {
            "kind": "Function",
            "name": "createUsdz",
            "printedName": "createUsdz(output:input:arkitAsset:fallbackToPlainBundle:)",
            "children": [
              {
                "kind": "TypeNominal",
                "name": "Void",
                "printedName": "()"
              },
              {
                "kind": "TypeNominal",
                "name": "URL",
                "printedName": "Foundation.URL",
                "usr": "s:10Foundation3URLV"
              },
              {
                "kind": "TypeNominal",
                "name": "URL",
                "printedName": "Foundation.URL",
                "usr": "s:10Foundation3URLV"
              },
              {
                "kind": "TypeNominal",
                "name": "Bool",
                "printedName": "Swift.Bool",
                "usr": "s:Sb"
              },
              {
                "kind": "TypeNominal",
                "name": "Bool",
                "printedName": "Swift.Bool",
                "hasDefaultArg": true,
                "usr": "s:Sb"
              }
            ],
            "declKind": "Func",
            "usr": "s:28USDInteropAdvancedAppleTools10USDZipToolO10createUsdz6output5input10arkitAsset21fallbackToPlainBundley10Foundation3URLV_AKS2btKFZ",
            "mangledName": "$s28USDInteropAdvancedAppleTools10USDZipToolO10createUsdz6output5input10arkitAsset21fallbackToPlainBundley10Foundation3URLV_AKS2btKFZ",
            "moduleName": "USDInteropAdvancedAppleTools",
            "static": true,
            "declAttributes": [
              "AccessControl",
              "RawDocComment"
            ],
            "throwing": true,
            "funcSelfKind": "NonMutating"
          },
          {
            "kind": "Function",
            "name": "bundle",
            "printedName": "bundle(output:inputs:)",
            "children": [
              {
                "kind": "TypeNominal",
                "name": "Void",
                "printedName": "()"
              },
              {
                "kind": "TypeNominal",
                "name": "URL",
                "printedName": "Foundation.URL",
                "usr": "s:10Foundation3URLV"
              },
              {
                "kind": "TypeNominal",
                "name": "Array",
                "printedName": "[Foundation.URL]",
                "children": [
                  {
                    "kind": "TypeNominal",
                    "name": "URL",
                    "printedName": "Foundation.URL",
                    "usr": "s:10Foundation3URLV"
                  }
                ],
                "usr": "s:Sa"
              }
            ],
            "declKind": "Func",
            "usr": "s:28USDInteropAdvancedAppleTools10USDZipToolO6bundle6output6inputsy10Foundation3URLV_SayAIGtKFZ",
            "mangledName": "$s28USDInteropAdvancedAppleTools10USDZipToolO6bundle6output6inputsy10Foundation3URLV_SayAIGtKFZ",
            "moduleName": "USDInteropAdvancedAppleTools",
            "static": true,
            "declAttributes": [
              "AccessControl",
              "RawDocComment"
            ],
            "throwing": true,
            "funcSelfKind": "NonMutating"
          }
        ],
        "declKind": "Enum",
        "usr": "s:28USDInteropAdvancedAppleTools10USDZipToolO",
        "mangledName": "$s28USDInteropAdvancedAppleTools10USDZipToolO",
        "moduleName": "USDInteropAdvancedAppleTools",
        "declAttributes": [
          "AccessControl"
        ],
        "conformances": [
          {
            "kind": "Conformance",
            "name": "Copyable",
            "printedName": "Copyable",
            "usr": "s:s8CopyableP",
            "mangledName": "$ss8CopyableP"
          },
          {
            "kind": "Conformance",
            "name": "Escapable",
            "printedName": "Escapable",
            "usr": "s:s9EscapableP",
            "mangledName": "$ss9EscapableP"
          }
        ]
      }
    ],
    "json_format_version": 8
  },
  "ConstValues": [
    {
      "filePath": "\/private\/tmp\/usdinteropadvanced-binarybuild.v0.2.8.VIAFCp\/src\/Sources\/USDInteropAdvancedAppleTools\/USDZipTool.swift",
      "kind": "BooleanLiteral",
      "offset": 1050,
      "length": 4,
      "value": "true"
    }
  ]
}