{
  "ABIRoot": {
    "kind": "Root",
    "name": "USDInteropAdvancedCore",
    "printedName": "USDInteropAdvancedCore",
    "children": [
      {
        "kind": "Import",
        "name": "Foundation",
        "printedName": "Foundation",
        "declKind": "Import",
        "moduleName": "USDInteropAdvancedCore"
      },
      {
        "kind": "TypeDecl",
        "name": "USDAdvancedError",
        "printedName": "USDAdvancedError",
        "children": [
          {
            "kind": "Var",
            "name": "stageOpenFailed",
            "printedName": "stageOpenFailed",
            "children": [
              {
                "kind": "TypeFunc",
                "name": "Function",
                "printedName": "(USDInteropAdvancedCore.USDAdvancedError.Type) -> (Foundation.URL) -> USDInteropAdvancedCore.USDAdvancedError",
                "children": [
                  {
                    "kind": "TypeFunc",
                    "name": "Function",
                    "printedName": "(Foundation.URL) -> USDInteropAdvancedCore.USDAdvancedError",
                    "children": [
                      {
                        "kind": "TypeNominal",
                        "name": "USDAdvancedError",
                        "printedName": "USDInteropAdvancedCore.USDAdvancedError",
                        "usr": "s:22USDInteropAdvancedCore16USDAdvancedErrorO"
                      },
                      {
                        "kind": "TypeNominal",
                        "name": "URL",
                        "printedName": "Foundation.URL",
                        "usr": "s:10Foundation3URLV"
                      }
                    ]
                  },
                  {
                    "kind": "TypeNominal",
                    "name": "Metatype",
                    "printedName": "USDInteropAdvancedCore.USDAdvancedError.Type",
                    "children": [
                      {
                        "kind": "TypeNominal",
                        "name": "USDAdvancedError",
                        "printedName": "USDInteropAdvancedCore.USDAdvancedError",
                        "usr": "s:22USDInteropAdvancedCore16USDAdvancedErrorO"
                      }
                    ]
                  }
                ]
              }
            ],
            "declKind": "EnumElement",
            "usr": "s:22USDInteropAdvancedCore16USDAdvancedErrorO15stageOpenFailedyAC10Foundation3URLVcACmF",
            "mangledName": "$s22USDInteropAdvancedCore16USDAdvancedErrorO15stageOpenFailedyAC10Foundation3URLVcACmF",
            "moduleName": "USDInteropAdvancedCore",
            "declAttributes": [
              "RawDocComment"
            ]
          },
          {
            "kind": "Var",
            "name": "primNotFound",
            "printedName": "primNotFound",
            "children": [
              {
                "kind": "TypeFunc",
                "name": "Function",
                "printedName": "(USDInteropAdvancedCore.USDAdvancedError.Type) -> (Swift.String) -> USDInteropAdvancedCore.USDAdvancedError",
                "children": [
                  {
                    "kind": "TypeFunc",
                    "name": "Function",
                    "printedName": "(Swift.String) -> USDInteropAdvancedCore.USDAdvancedError",
                    "children": [
                      {
                        "kind": "TypeNominal",
                        "name": "USDAdvancedError",
                        "printedName": "USDInteropAdvancedCore.USDAdvancedError",
                        "usr": "s:22USDInteropAdvancedCore16USDAdvancedErrorO"
                      },
                      {
                        "kind": "TypeNominal",
                        "name": "String",
                        "printedName": "Swift.String",
                        "usr": "s:SS"
                      }
                    ]
                  },
                  {
                    "kind": "TypeNominal",
                    "name": "Metatype",
                    "printedName": "USDInteropAdvancedCore.USDAdvancedError.Type",
                    "children": [
                      {
                        "kind": "TypeNominal",
                        "name": "USDAdvancedError",
                        "printedName": "USDInteropAdvancedCore.USDAdvancedError",
                        "usr": "s:22USDInteropAdvancedCore16USDAdvancedErrorO"
                      }
                    ]
                  }
                ]
              }
            ],
            "declKind": "EnumElement",
            "usr": "s:22USDInteropAdvancedCore16USDAdvancedErrorO12primNotFoundyACSScACmF",
            "mangledName": "$s22USDInteropAdvancedCore16USDAdvancedErrorO12primNotFoundyACSScACmF",
            "moduleName": "USDInteropAdvancedCore"
          },
          {
            "kind": "Var",
            "name": "invalidScope",
            "printedName": "invalidScope",
            "children": [
              {
                "kind": "TypeFunc",
                "name": "Function",
                "printedName": "(USDInteropAdvancedCore.USDAdvancedError.Type) -> (Swift.String) -> USDInteropAdvancedCore.USDAdvancedError",
                "children": [
                  {
                    "kind": "TypeFunc",
                    "name": "Function",
                    "printedName": "(Swift.String) -> USDInteropAdvancedCore.USDAdvancedError",
                    "children": [
                      {
                        "kind": "TypeNominal",
                        "name": "USDAdvancedError",
                        "printedName": "USDInteropAdvancedCore.USDAdvancedError",
                        "usr": "s:22USDInteropAdvancedCore16USDAdvancedErrorO"
                      },
                      {
                        "kind": "TypeNominal",
                        "name": "Tuple",
                        "printedName": "(expected: Swift.String)",
                        "children": [
                          {
                            "kind": "TypeNominal",
                            "name": "String",
                            "printedName": "Swift.String",
                            "usr": "s:SS"
                          }
                        ]
                      }
                    ]
                  },
                  {
                    "kind": "TypeNominal",
                    "name": "Metatype",
                    "printedName": "USDInteropAdvancedCore.USDAdvancedError.Type",
                    "children": [
                      {
                        "kind": "TypeNominal",
                        "name": "USDAdvancedError",
                        "printedName": "USDInteropAdvancedCore.USDAdvancedError",
                        "usr": "s:22USDInteropAdvancedCore16USDAdvancedErrorO"
                      }
                    ]
                  }
                ]
              }
            ],
            "declKind": "EnumElement",
            "usr": "s:22USDInteropAdvancedCore16USDAdvancedErrorO12invalidScopeyACSS_tcACmF",
            "mangledName": "$s22USDInteropAdvancedCore16USDAdvancedErrorO12invalidScopeyACSS_tcACmF",
            "moduleName": "USDInteropAdvancedCore"
          },
          {
            "kind": "Var",
            "name": "rootLayerMissing",
            "printedName": "rootLayerMissing",
            "children": [
              {
                "kind": "TypeFunc",
                "name": "Function",
                "printedName": "(USDInteropAdvancedCore.USDAdvancedError.Type) -> (Foundation.URL) -> USDInteropAdvancedCore.USDAdvancedError",
                "children": [
                  {
                    "kind": "TypeFunc",
                    "name": "Function",
                    "printedName": "(Foundation.URL) -> USDInteropAdvancedCore.USDAdvancedError",
                    "children": [
                      {
                        "kind": "TypeNominal",
                        "name": "USDAdvancedError",
                        "printedName": "USDInteropAdvancedCore.USDAdvancedError",
                        "usr": "s:22USDInteropAdvancedCore16USDAdvancedErrorO"
                      },
                      {
                        "kind": "TypeNominal",
                        "name": "URL",
                        "printedName": "Foundation.URL",
                        "usr": "s:10Foundation3URLV"
                      }
                    ]
                  },
                  {
                    "kind": "TypeNominal",
                    "name": "Metatype",
                    "printedName": "USDInteropAdvancedCore.USDAdvancedError.Type",
                    "children": [
                      {
                        "kind": "TypeNominal",
                        "name": "USDAdvancedError",
                        "printedName": "USDInteropAdvancedCore.USDAdvancedError",
                        "usr": "s:22USDInteropAdvancedCore16USDAdvancedErrorO"
                      }
                    ]
                  }
                ]
              }
            ],
            "declKind": "EnumElement",
            "usr": "s:22USDInteropAdvancedCore16USDAdvancedErrorO16rootLayerMissingyAC10Foundation3URLVcACmF",
            "mangledName": "$s22USDInteropAdvancedCore16USDAdvancedErrorO16rootLayerMissingyAC10Foundation3URLVcACmF",
            "moduleName": "USDInteropAdvancedCore"
          },
          {
            "kind": "Var",
            "name": "saveFailed",
            "printedName": "saveFailed",
            "children": [
              {
                "kind": "TypeFunc",
                "name": "Function",
                "printedName": "(USDInteropAdvancedCore.USDAdvancedError.Type) -> (Foundation.URL) -> USDInteropAdvancedCore.USDAdvancedError",
                "children": [
                  {
                    "kind": "TypeFunc",
                    "name": "Function",
                    "printedName": "(Foundation.URL) -> USDInteropAdvancedCore.USDAdvancedError",
                    "children": [
                      {
                        "kind": "TypeNominal",
                        "name": "USDAdvancedError",
                        "printedName": "USDInteropAdvancedCore.USDAdvancedError",
                        "usr": "s:22USDInteropAdvancedCore16USDAdvancedErrorO"
                      },
                      {
                        "kind": "TypeNominal",
                        "name": "URL",
                        "printedName": "Foundation.URL",
                        "usr": "s:10Foundation3URLV"
                      }
                    ]
                  },
                  {
                    "kind": "TypeNominal",
                    "name": "Metatype",
                    "printedName": "USDInteropAdvancedCore.USDAdvancedError.Type",
                    "children": [
                      {
                        "kind": "TypeNominal",
                        "name": "USDAdvancedError",
                        "printedName": "USDInteropAdvancedCore.USDAdvancedError",
                        "usr": "s:22USDInteropAdvancedCore16USDAdvancedErrorO"
                      }
                    ]
                  }
                ]
              }
            ],
            "declKind": "EnumElement",
            "usr": "s:22USDInteropAdvancedCore16USDAdvancedErrorO10saveFailedyAC10Foundation3URLVcACmF",
            "mangledName": "$s22USDInteropAdvancedCore16USDAdvancedErrorO10saveFailedyAC10Foundation3URLVcACmF",
            "moduleName": "USDInteropAdvancedCore"
          },
          {
            "kind": "Var",
            "name": "variantSetNotFound",
            "printedName": "variantSetNotFound",
            "children": [
              {
                "kind": "TypeFunc",
                "name": "Function",
                "printedName": "(USDInteropAdvancedCore.USDAdvancedError.Type) -> (Swift.String) -> USDInteropAdvancedCore.USDAdvancedError",
                "children": [
                  {
                    "kind": "TypeFunc",
                    "name": "Function",
                    "printedName": "(Swift.String) -> USDInteropAdvancedCore.USDAdvancedError",
                    "children": [
                      {
                        "kind": "TypeNominal",
                        "name": "USDAdvancedError",
                        "printedName": "USDInteropAdvancedCore.USDAdvancedError",
                        "usr": "s:22USDInteropAdvancedCore16USDAdvancedErrorO"
                      },
                      {
                        "kind": "TypeNominal",
                        "name": "String",
                        "printedName": "Swift.String",
                        "usr": "s:SS"
                      }
                    ]
                  },
                  {
                    "kind": "TypeNominal",
                    "name": "Metatype",
                    "printedName": "USDInteropAdvancedCore.USDAdvancedError.Type",
                    "children": [
                      {
                        "kind": "TypeNominal",
                        "name": "USDAdvancedError",
                        "printedName": "USDInteropAdvancedCore.USDAdvancedError",
                        "usr": "s:22USDInteropAdvancedCore16USDAdvancedErrorO"
                      }
                    ]
                  }
                ]
              }
            ],
            "declKind": "EnumElement",
            "usr": "s:22USDInteropAdvancedCore16USDAdvancedErrorO18variantSetNotFoundyACSScACmF",
            "mangledName": "$s22USDInteropAdvancedCore16USDAdvancedErrorO18variantSetNotFoundyACSScACmF",
            "moduleName": "USDInteropAdvancedCore"
          },
          {
            "kind": "Var",
            "name": "applySchemaFailed",
            "printedName": "applySchemaFailed",
            "children": [
              {
                "kind": "TypeFunc",
                "name": "Function",
                "printedName": "(USDInteropAdvancedCore.USDAdvancedError.Type) -> (Swift.String, Swift.String) -> USDInteropAdvancedCore.USDAdvancedError",
                "children": [
                  {
                    "kind": "TypeFunc",
                    "name": "Function",
                    "printedName": "(Swift.String, Swift.String) -> USDInteropAdvancedCore.USDAdvancedError",
                    "children": [
                      {
                        "kind": "TypeNominal",
                        "name": "USDAdvancedError",
                        "printedName": "USDInteropAdvancedCore.USDAdvancedError",
                        "usr": "s:22USDInteropAdvancedCore16USDAdvancedErrorO"
                      },
                      {
                        "kind": "TypeNominal",
                        "name": "Tuple",
                        "printedName": "(schema: Swift.String, primPath: Swift.String)",
                        "children": [
                          {
                            "kind": "TypeNominal",
                            "name": "String",
                            "printedName": "Swift.String",
                            "usr": "s:SS"
                          },
                          {
                            "kind": "TypeNominal",
                            "name": "String",
                            "printedName": "Swift.String",
                            "usr": "s:SS"
                          }
                        ]
                      }
                    ]
                  },
                  {
                    "kind": "TypeNominal",
                    "name": "Metatype",
                    "printedName": "USDInteropAdvancedCore.USDAdvancedError.Type",
                    "children": [
                      {
                        "kind": "TypeNominal",
                        "name": "USDAdvancedError",
                        "printedName": "USDInteropAdvancedCore.USDAdvancedError",
                        "usr": "s:22USDInteropAdvancedCore16USDAdvancedErrorO"
                      }
                    ]
                  }
                ]
              }
            ],
            "declKind": "EnumElement",
            "usr": "s:22USDInteropAdvancedCore16USDAdvancedErrorO17applySchemaFailedyACSS_SStcACmF",
            "mangledName": "$s22USDInteropAdvancedCore16USDAdvancedErrorO17applySchemaFailedyACSS_SStcACmF",
            "moduleName": "USDInteropAdvancedCore"
          },
          {
            "kind": "Var",
            "name": "surgeryFailed",
            "printedName": "surgeryFailed",
            "children": [
              {
                "kind": "TypeFunc",
                "name": "Function",
                "printedName": "(USDInteropAdvancedCore.USDAdvancedError.Type) -> (Swift.String, Swift.String) -> USDInteropAdvancedCore.USDAdvancedError",
                "children": [
                  {
                    "kind": "TypeFunc",
                    "name": "Function",
                    "printedName": "(Swift.String, Swift.String) -> USDInteropAdvancedCore.USDAdvancedError",
                    "children": [
                      {
                        "kind": "TypeNominal",
                        "name": "USDAdvancedError",
                        "printedName": "USDInteropAdvancedCore.USDAdvancedError",
                        "usr": "s:22USDInteropAdvancedCore16USDAdvancedErrorO"
                      },
                      {
                        "kind": "TypeNominal",
                        "name": "Tuple",
                        "printedName": "(operation: Swift.String, reason: Swift.String)",
                        "children": [
                          {
                            "kind": "TypeNominal",
                            "name": "String",
                            "printedName": "Swift.String",
                            "usr": "s:SS"
                          },
                          {
                            "kind": "TypeNominal",
                            "name": "String",
                            "printedName": "Swift.String",
                            "usr": "s:SS"
                          }
                        ]
                      }
                    ]
                  },
                  {
                    "kind": "TypeNominal",
                    "name": "Metatype",
                    "printedName": "USDInteropAdvancedCore.USDAdvancedError.Type",
                    "children": [
                      {
                        "kind": "TypeNominal",
                        "name": "USDAdvancedError",
                        "printedName": "USDInteropAdvancedCore.USDAdvancedError",
                        "usr": "s:22USDInteropAdvancedCore16USDAdvancedErrorO"
                      }
                    ]
                  }
                ]
              }
            ],
            "declKind": "EnumElement",
            "usr": "s:22USDInteropAdvancedCore16USDAdvancedErrorO13surgeryFailedyACSS_SStcACmF",
            "mangledName": "$s22USDInteropAdvancedCore16USDAdvancedErrorO13surgeryFailedyACSS_SStcACmF",
            "moduleName": "USDInteropAdvancedCore",
            "declAttributes": [
              "RawDocComment"
            ]
          },
          {
            "kind": "Var",
            "name": "exportFailed",
            "printedName": "exportFailed",
            "children": [
              {
                "kind": "TypeFunc",
                "name": "Function",
                "printedName": "(USDInteropAdvancedCore.USDAdvancedError.Type) -> (Foundation.URL) -> USDInteropAdvancedCore.USDAdvancedError",
                "children": [
                  {
                    "kind": "TypeFunc",
                    "name": "Function",
                    "printedName": "(Foundation.URL) -> USDInteropAdvancedCore.USDAdvancedError",
                    "children": [
                      {
                        "kind": "TypeNominal",
                        "name": "USDAdvancedError",
                        "printedName": "USDInteropAdvancedCore.USDAdvancedError",
                        "usr": "s:22USDInteropAdvancedCore16USDAdvancedErrorO"
                      },
                      {
                        "kind": "TypeNominal",
                        "name": "URL",
                        "printedName": "Foundation.URL",
                        "usr": "s:10Foundation3URLV"
                      }
                    ]
                  },
                  {
                    "kind": "TypeNominal",
                    "name": "Metatype",
                    "printedName": "USDInteropAdvancedCore.USDAdvancedError.Type",
                    "children": [
                      {
                        "kind": "TypeNominal",
                        "name": "USDAdvancedError",
                        "printedName": "USDInteropAdvancedCore.USDAdvancedError",
                        "usr": "s:22USDInteropAdvancedCore16USDAdvancedErrorO"
                      }
                    ]
                  }
                ]
              }
            ],
            "declKind": "EnumElement",
            "usr": "s:22USDInteropAdvancedCore16USDAdvancedErrorO12exportFailedyAC10Foundation3URLVcACmF",
            "mangledName": "$s22USDInteropAdvancedCore16USDAdvancedErrorO12exportFailedyAC10Foundation3URLVcACmF",
            "moduleName": "USDInteropAdvancedCore"
          },
          {
            "kind": "Var",
            "name": "flattenFailed",
            "printedName": "flattenFailed",
            "children": [
              {
                "kind": "TypeFunc",
                "name": "Function",
                "printedName": "(USDInteropAdvancedCore.USDAdvancedError.Type) -> (Foundation.URL) -> USDInteropAdvancedCore.USDAdvancedError",
                "children": [
                  {
                    "kind": "TypeFunc",
                    "name": "Function",
                    "printedName": "(Foundation.URL) -> USDInteropAdvancedCore.USDAdvancedError",
                    "children": [
                      {
                        "kind": "TypeNominal",
                        "name": "USDAdvancedError",
                        "printedName": "USDInteropAdvancedCore.USDAdvancedError",
                        "usr": "s:22USDInteropAdvancedCore16USDAdvancedErrorO"
                      },
                      {
                        "kind": "TypeNominal",
                        "name": "URL",
                        "printedName": "Foundation.URL",
                        "usr": "s:10Foundation3URLV"
                      }
                    ]
                  },
                  {
                    "kind": "TypeNominal",
                    "name": "Metatype",
                    "printedName": "USDInteropAdvancedCore.USDAdvancedError.Type",
                    "children": [
                      {
                        "kind": "TypeNominal",
                        "name": "USDAdvancedError",
                        "printedName": "USDInteropAdvancedCore.USDAdvancedError",
                        "usr": "s:22USDInteropAdvancedCore16USDAdvancedErrorO"
                      }
                    ]
                  }
                ]
              }
            ],
            "declKind": "EnumElement",
            "usr": "s:22USDInteropAdvancedCore16USDAdvancedErrorO13flattenFailedyAC10Foundation3URLVcACmF",
            "mangledName": "$s22USDInteropAdvancedCore16USDAdvancedErrorO13flattenFailedyAC10Foundation3URLVcACmF",
            "moduleName": "USDInteropAdvancedCore"
          },
          {
            "kind": "Var",
            "name": "copySpecFailed",
            "printedName": "copySpecFailed",
            "children": [
              {
                "kind": "TypeFunc",
                "name": "Function",
                "printedName": "(USDInteropAdvancedCore.USDAdvancedError.Type) -> (Swift.String, Swift.String) -> USDInteropAdvancedCore.USDAdvancedError",
                "children": [
                  {
                    "kind": "TypeFunc",
                    "name": "Function",
                    "printedName": "(Swift.String, Swift.String) -> USDInteropAdvancedCore.USDAdvancedError",
                    "children": [
                      {
                        "kind": "TypeNominal",
                        "name": "USDAdvancedError",
                        "printedName": "USDInteropAdvancedCore.USDAdvancedError",
                        "usr": "s:22USDInteropAdvancedCore16USDAdvancedErrorO"
                      },
                      {
                        "kind": "TypeNominal",
                        "name": "Tuple",
                        "printedName": "(sourcePath: Swift.String, targetPath: Swift.String)",
                        "children": [
                          {
                            "kind": "TypeNominal",
                            "name": "String",
                            "printedName": "Swift.String",
                            "usr": "s:SS"
                          },
                          {
                            "kind": "TypeNominal",
                            "name": "String",
                            "printedName": "Swift.String",
                            "usr": "s:SS"
                          }
                        ]
                      }
                    ]
                  },
                  {
                    "kind": "TypeNominal",
                    "name": "Metatype",
                    "printedName": "USDInteropAdvancedCore.USDAdvancedError.Type",
                    "children": [
                      {
                        "kind": "TypeNominal",
                        "name": "USDAdvancedError",
                        "printedName": "USDInteropAdvancedCore.USDAdvancedError",
                        "usr": "s:22USDInteropAdvancedCore16USDAdvancedErrorO"
                      }
                    ]
                  }
                ]
              }
            ],
            "declKind": "EnumElement",
            "usr": "s:22USDInteropAdvancedCore16USDAdvancedErrorO14copySpecFailedyACSS_SStcACmF",
            "mangledName": "$s22USDInteropAdvancedCore16USDAdvancedErrorO14copySpecFailedyACSS_SStcACmF",
            "moduleName": "USDInteropAdvancedCore"
          },
          {
            "kind": "Var",
            "name": "unzipFailed",
            "printedName": "unzipFailed",
            "children": [
              {
                "kind": "TypeFunc",
                "name": "Function",
                "printedName": "(USDInteropAdvancedCore.USDAdvancedError.Type) -> (Foundation.URL) -> USDInteropAdvancedCore.USDAdvancedError",
                "children": [
                  {
                    "kind": "TypeFunc",
                    "name": "Function",
                    "printedName": "(Foundation.URL) -> USDInteropAdvancedCore.USDAdvancedError",
                    "children": [
                      {
                        "kind": "TypeNominal",
                        "name": "USDAdvancedError",
                        "printedName": "USDInteropAdvancedCore.USDAdvancedError",
                        "usr": "s:22USDInteropAdvancedCore16USDAdvancedErrorO"
                      },
                      {
                        "kind": "TypeNominal",
                        "name": "URL",
                        "printedName": "Foundation.URL",
                        "usr": "s:10Foundation3URLV"
                      }
                    ]
                  },
                  {
                    "kind": "TypeNominal",
                    "name": "Metatype",
                    "printedName": "USDInteropAdvancedCore.USDAdvancedError.Type",
                    "children": [
                      {
                        "kind": "TypeNominal",
                        "name": "USDAdvancedError",
                        "printedName": "USDInteropAdvancedCore.USDAdvancedError",
                        "usr": "s:22USDInteropAdvancedCore16USDAdvancedErrorO"
                      }
                    ]
                  }
                ]
              }
            ],
            "declKind": "EnumElement",
            "usr": "s:22USDInteropAdvancedCore16USDAdvancedErrorO11unzipFailedyAC10Foundation3URLVcACmF",
            "mangledName": "$s22USDInteropAdvancedCore16USDAdvancedErrorO11unzipFailedyAC10Foundation3URLVcACmF",
            "moduleName": "USDInteropAdvancedCore",
            "declAttributes": [
              "RawDocComment"
            ]
          },
          {
            "kind": "Var",
            "name": "noRootFileInArchive",
            "printedName": "noRootFileInArchive",
            "children": [
              {
                "kind": "TypeFunc",
                "name": "Function",
                "printedName": "(USDInteropAdvancedCore.USDAdvancedError.Type) -> (Foundation.URL) -> USDInteropAdvancedCore.USDAdvancedError",
                "children": [
                  {
                    "kind": "TypeFunc",
                    "name": "Function",
                    "printedName": "(Foundation.URL) -> USDInteropAdvancedCore.USDAdvancedError",
                    "children": [
                      {
                        "kind": "TypeNominal",
                        "name": "USDAdvancedError",
                        "printedName": "USDInteropAdvancedCore.USDAdvancedError",
                        "usr": "s:22USDInteropAdvancedCore16USDAdvancedErrorO"
                      },
                      {
                        "kind": "TypeNominal",
                        "name": "URL",
                        "printedName": "Foundation.URL",
                        "usr": "s:10Foundation3URLV"
                      }
                    ]
                  },
                  {
                    "kind": "TypeNominal",
                    "name": "Metatype",
                    "printedName": "USDInteropAdvancedCore.USDAdvancedError.Type",
                    "children": [
                      {
                        "kind": "TypeNominal",
                        "name": "USDAdvancedError",
                        "printedName": "USDInteropAdvancedCore.USDAdvancedError",
                        "usr": "s:22USDInteropAdvancedCore16USDAdvancedErrorO"
                      }
                    ]
                  }
                ]
              }
            ],
            "declKind": "EnumElement",
            "usr": "s:22USDInteropAdvancedCore16USDAdvancedErrorO19noRootFileInArchiveyAC10Foundation3URLVcACmF",
            "mangledName": "$s22USDInteropAdvancedCore16USDAdvancedErrorO19noRootFileInArchiveyAC10Foundation3URLVcACmF",
            "moduleName": "USDInteropAdvancedCore"
          },
          {
            "kind": "Var",
            "name": "invalidPrimPaths",
            "printedName": "invalidPrimPaths",
            "children": [
              {
                "kind": "TypeFunc",
                "name": "Function",
                "printedName": "(USDInteropAdvancedCore.USDAdvancedError.Type) -> (Swift.String, Swift.String) -> USDInteropAdvancedCore.USDAdvancedError",
                "children": [
                  {
                    "kind": "TypeFunc",
                    "name": "Function",
                    "printedName": "(Swift.String, Swift.String) -> USDInteropAdvancedCore.USDAdvancedError",
                    "children": [
                      {
                        "kind": "TypeNominal",
                        "name": "USDAdvancedError",
                        "printedName": "USDInteropAdvancedCore.USDAdvancedError",
                        "usr": "s:22USDInteropAdvancedCore16USDAdvancedErrorO"
                      },
                      {
                        "kind": "TypeNominal",
                        "name": "Tuple",
                        "printedName": "(skeleton: Swift.String, animation: Swift.String)",
                        "children": [
                          {
                            "kind": "TypeNominal",
                            "name": "String",
                            "printedName": "Swift.String",
                            "usr": "s:SS"
                          },
                          {
                            "kind": "TypeNominal",
                            "name": "String",
                            "printedName": "Swift.String",
                            "usr": "s:SS"
                          }
                        ]
                      }
                    ]
                  },
                  {
                    "kind": "TypeNominal",
                    "name": "Metatype",
                    "printedName": "USDInteropAdvancedCore.USDAdvancedError.Type",
                    "children": [
                      {
                        "kind": "TypeNominal",
                        "name": "USDAdvancedError",
                        "printedName": "USDInteropAdvancedCore.USDAdvancedError",
                        "usr": "s:22USDInteropAdvancedCore16USDAdvancedErrorO"
                      }
                    ]
                  }
                ]
              }
            ],
            "declKind": "EnumElement",
            "usr": "s:22USDInteropAdvancedCore16USDAdvancedErrorO16invalidPrimPathsyACSS_SStcACmF",
            "mangledName": "$s22USDInteropAdvancedCore16USDAdvancedErrorO16invalidPrimPathsyACSS_SStcACmF",
            "moduleName": "USDInteropAdvancedCore",
            "declAttributes": [
              "RawDocComment"
            ]
          },
          {
            "kind": "Var",
            "name": "missingJointsAttribute",
            "printedName": "missingJointsAttribute",
            "children": [
              {
                "kind": "TypeFunc",
                "name": "Function",
                "printedName": "(USDInteropAdvancedCore.USDAdvancedError.Type) -> (Swift.String) -> USDInteropAdvancedCore.USDAdvancedError",
                "children": [
                  {
                    "kind": "TypeFunc",
                    "name": "Function",
                    "printedName": "(Swift.String) -> USDInteropAdvancedCore.USDAdvancedError",
                    "children": [
                      {
                        "kind": "TypeNominal",
                        "name": "USDAdvancedError",
                        "printedName": "USDInteropAdvancedCore.USDAdvancedError",
                        "usr": "s:22USDInteropAdvancedCore16USDAdvancedErrorO"
                      },
                      {
                        "kind": "TypeNominal",
                        "name": "Tuple",
                        "printedName": "(primPath: Swift.String)",
                        "children": [
                          {
                            "kind": "TypeNominal",
                            "name": "String",
                            "printedName": "Swift.String",
                            "usr": "s:SS"
                          }
                        ]
                      }
                    ]
                  },
                  {
                    "kind": "TypeNominal",
                    "name": "Metatype",
                    "printedName": "USDInteropAdvancedCore.USDAdvancedError.Type",
                    "children": [
                      {
                        "kind": "TypeNominal",
                        "name": "USDAdvancedError",
                        "printedName": "USDInteropAdvancedCore.USDAdvancedError",
                        "usr": "s:22USDInteropAdvancedCore16USDAdvancedErrorO"
                      }
                    ]
                  }
                ]
              }
            ],
            "declKind": "EnumElement",
            "usr": "s:22USDInteropAdvancedCore16USDAdvancedErrorO22missingJointsAttributeyACSS_tcACmF",
            "mangledName": "$s22USDInteropAdvancedCore16USDAdvancedErrorO22missingJointsAttributeyACSS_tcACmF",
            "moduleName": "USDInteropAdvancedCore"
          },
          {
            "kind": "Var",
            "name": "sessionFileReadFailed",
            "printedName": "sessionFileReadFailed",
            "children": [
              {
                "kind": "TypeFunc",
                "name": "Function",
                "printedName": "(USDInteropAdvancedCore.USDAdvancedError.Type) -> (Foundation.URL) -> USDInteropAdvancedCore.USDAdvancedError",
                "children": [
                  {
                    "kind": "TypeFunc",
                    "name": "Function",
                    "printedName": "(Foundation.URL) -> USDInteropAdvancedCore.USDAdvancedError",
                    "children": [
                      {
                        "kind": "TypeNominal",
                        "name": "USDAdvancedError",
                        "printedName": "USDInteropAdvancedCore.USDAdvancedError",
                        "usr": "s:22USDInteropAdvancedCore16USDAdvancedErrorO"
                      },
                      {
                        "kind": "TypeNominal",
                        "name": "URL",
                        "printedName": "Foundation.URL",
                        "usr": "s:10Foundation3URLV"
                      }
                    ]
                  },
                  {
                    "kind": "TypeNominal",
                    "name": "Metatype",
                    "printedName": "USDInteropAdvancedCore.USDAdvancedError.Type",
                    "children": [
                      {
                        "kind": "TypeNominal",
                        "name": "USDAdvancedError",
                        "printedName": "USDInteropAdvancedCore.USDAdvancedError",
                        "usr": "s:22USDInteropAdvancedCore16USDAdvancedErrorO"
                      }
                    ]
                  }
                ]
              }
            ],
            "declKind": "EnumElement",
            "usr": "s:22USDInteropAdvancedCore16USDAdvancedErrorO21sessionFileReadFailedyAC10Foundation3URLVcACmF",
            "mangledName": "$s22USDInteropAdvancedCore16USDAdvancedErrorO21sessionFileReadFailedyAC10Foundation3URLVcACmF",
            "moduleName": "USDInteropAdvancedCore",
            "declAttributes": [
              "RawDocComment"
            ]
          },
          {
            "kind": "Var",
            "name": "missingSublayers",
            "printedName": "missingSublayers",
            "children": [
              {
                "kind": "TypeFunc",
                "name": "Function",
                "printedName": "(USDInteropAdvancedCore.USDAdvancedError.Type) -> ([Swift.String]) -> USDInteropAdvancedCore.USDAdvancedError",
                "children": [
                  {
                    "kind": "TypeFunc",
                    "name": "Function",
                    "printedName": "([Swift.String]) -> USDInteropAdvancedCore.USDAdvancedError",
                    "children": [
                      {
                        "kind": "TypeNominal",
                        "name": "USDAdvancedError",
                        "printedName": "USDInteropAdvancedCore.USDAdvancedError",
                        "usr": "s:22USDInteropAdvancedCore16USDAdvancedErrorO"
                      },
                      {
                        "kind": "TypeNominal",
                        "name": "Array",
                        "printedName": "[Swift.String]",
                        "children": [
                          {
                            "kind": "TypeNominal",
                            "name": "String",
                            "printedName": "Swift.String",
                            "usr": "s:SS"
                          }
                        ],
                        "usr": "s:Sa"
                      }
                    ]
                  },
                  {
                    "kind": "TypeNominal",
                    "name": "Metatype",
                    "printedName": "USDInteropAdvancedCore.USDAdvancedError.Type",
                    "children": [
                      {
                        "kind": "TypeNominal",
                        "name": "USDAdvancedError",
                        "printedName": "USDInteropAdvancedCore.USDAdvancedError",
                        "usr": "s:22USDInteropAdvancedCore16USDAdvancedErrorO"
                      }
                    ]
                  }
                ]
              }
            ],
            "declKind": "EnumElement",
            "usr": "s:22USDInteropAdvancedCore16USDAdvancedErrorO16missingSublayersyACSaySSGcACmF",
            "mangledName": "$s22USDInteropAdvancedCore16USDAdvancedErrorO16missingSublayersyACSaySSGcACmF",
            "moduleName": "USDInteropAdvancedCore"
          },
          {
            "kind": "Var",
            "name": "materialNotFound",
            "printedName": "materialNotFound",
            "children": [
              {
                "kind": "TypeFunc",
                "name": "Function",
                "printedName": "(USDInteropAdvancedCore.USDAdvancedError.Type) -> (Swift.String) -> USDInteropAdvancedCore.USDAdvancedError",
                "children": [
                  {
                    "kind": "TypeFunc",
                    "name": "Function",
                    "printedName": "(Swift.String) -> USDInteropAdvancedCore.USDAdvancedError",
                    "children": [
                      {
                        "kind": "TypeNominal",
                        "name": "USDAdvancedError",
                        "printedName": "USDInteropAdvancedCore.USDAdvancedError",
                        "usr": "s:22USDInteropAdvancedCore16USDAdvancedErrorO"
                      },
                      {
                        "kind": "TypeNominal",
                        "name": "Tuple",
                        "printedName": "(path: Swift.String)",
                        "children": [
                          {
                            "kind": "TypeNominal",
                            "name": "String",
                            "printedName": "Swift.String",
                            "usr": "s:SS"
                          }
                        ]
                      }
                    ]
                  },
                  {
                    "kind": "TypeNominal",
                    "name": "Metatype",
                    "printedName": "USDInteropAdvancedCore.USDAdvancedError.Type",
                    "children": [
                      {
                        "kind": "TypeNominal",
                        "name": "USDAdvancedError",
                        "printedName": "USDInteropAdvancedCore.USDAdvancedError",
                        "usr": "s:22USDInteropAdvancedCore16USDAdvancedErrorO"
                      }
                    ]
                  }
                ]
              }
            ],
            "declKind": "EnumElement",
            "usr": "s:22USDInteropAdvancedCore16USDAdvancedErrorO16materialNotFoundyACSS_tcACmF",
            "mangledName": "$s22USDInteropAdvancedCore16USDAdvancedErrorO16materialNotFoundyACSS_tcACmF",
            "moduleName": "USDInteropAdvancedCore"
          },
          {
            "kind": "Var",
            "name": "shaderInputReadFailed",
            "printedName": "shaderInputReadFailed",
            "children": [
              {
                "kind": "TypeFunc",
                "name": "Function",
                "printedName": "(USDInteropAdvancedCore.USDAdvancedError.Type) -> (Swift.String, Swift.String) -> USDInteropAdvancedCore.USDAdvancedError",
                "children": [
                  {
                    "kind": "TypeFunc",
                    "name": "Function",
                    "printedName": "(Swift.String, Swift.String) -> USDInteropAdvancedCore.USDAdvancedError",
                    "children": [
                      {
                        "kind": "TypeNominal",
                        "name": "USDAdvancedError",
                        "printedName": "USDInteropAdvancedCore.USDAdvancedError",
                        "usr": "s:22USDInteropAdvancedCore16USDAdvancedErrorO"
                      },
                      {
                        "kind": "TypeNominal",
                        "name": "Tuple",
                        "printedName": "(primPath: Swift.String, inputName: Swift.String)",
                        "children": [
                          {
                            "kind": "TypeNominal",
                            "name": "String",
                            "printedName": "Swift.String",
                            "usr": "s:SS"
                          },
                          {
                            "kind": "TypeNominal",
                            "name": "String",
                            "printedName": "Swift.String",
                            "usr": "s:SS"
                          }
                        ]
                      }
                    ]
                  },
                  {
                    "kind": "TypeNominal",
                    "name": "Metatype",
                    "printedName": "USDInteropAdvancedCore.USDAdvancedError.Type",
                    "children": [
                      {
                        "kind": "TypeNominal",
                        "name": "USDAdvancedError",
                        "printedName": "USDInteropAdvancedCore.USDAdvancedError",
                        "usr": "s:22USDInteropAdvancedCore16USDAdvancedErrorO"
                      }
                    ]
                  }
                ]
              }
            ],
            "declKind": "EnumElement",
            "usr": "s:22USDInteropAdvancedCore16USDAdvancedErrorO21shaderInputReadFailedyACSS_SStcACmF",
            "mangledName": "$s22USDInteropAdvancedCore16USDAdvancedErrorO21shaderInputReadFailedyACSS_SStcACmF",
            "moduleName": "USDInteropAdvancedCore"
          },
          {
            "kind": "Var",
            "name": "usdzPackagingFailed",
            "printedName": "usdzPackagingFailed",
            "children": [
              {
                "kind": "TypeFunc",
                "name": "Function",
                "printedName": "(USDInteropAdvancedCore.USDAdvancedError.Type) -> (Foundation.URL) -> USDInteropAdvancedCore.USDAdvancedError",
                "children": [
                  {
                    "kind": "TypeFunc",
                    "name": "Function",
                    "printedName": "(Foundation.URL) -> USDInteropAdvancedCore.USDAdvancedError",
                    "children": [
                      {
                        "kind": "TypeNominal",
                        "name": "USDAdvancedError",
                        "printedName": "USDInteropAdvancedCore.USDAdvancedError",
                        "usr": "s:22USDInteropAdvancedCore16USDAdvancedErrorO"
                      },
                      {
                        "kind": "TypeNominal",
                        "name": "URL",
                        "printedName": "Foundation.URL",
                        "usr": "s:10Foundation3URLV"
                      }
                    ]
                  },
                  {
                    "kind": "TypeNominal",
                    "name": "Metatype",
                    "printedName": "USDInteropAdvancedCore.USDAdvancedError.Type",
                    "children": [
                      {
                        "kind": "TypeNominal",
                        "name": "USDAdvancedError",
                        "printedName": "USDInteropAdvancedCore.USDAdvancedError",
                        "usr": "s:22USDInteropAdvancedCore16USDAdvancedErrorO"
                      }
                    ]
                  }
                ]
              }
            ],
            "declKind": "EnumElement",
            "usr": "s:22USDInteropAdvancedCore16USDAdvancedErrorO19usdzPackagingFailedyAC10Foundation3URLVcACmF",
            "mangledName": "$s22USDInteropAdvancedCore16USDAdvancedErrorO19usdzPackagingFailedyAC10Foundation3URLVcACmF",
            "moduleName": "USDInteropAdvancedCore"
          },
          {
            "kind": "Var",
            "name": "errorDescription",
            "printedName": "errorDescription",
            "children": [
              {
                "kind": "TypeNominal",
                "name": "Optional",
                "printedName": "Swift.String?",
                "children": [
                  {
                    "kind": "TypeNominal",
                    "name": "String",
                    "printedName": "Swift.String",
                    "usr": "s:SS"
                  }
                ],
                "usr": "s:Sq"
              }
            ],
            "declKind": "Var",
            "usr": "s:22USDInteropAdvancedCore16USDAdvancedErrorO16errorDescriptionSSSgvp",
            "mangledName": "$s22USDInteropAdvancedCore16USDAdvancedErrorO16errorDescriptionSSSgvp",
            "moduleName": "USDInteropAdvancedCore",
            "declAttributes": [
              "AccessControl"
            ],
            "accessors": [
              {
                "kind": "Accessor",
                "name": "Get",
                "printedName": "Get()",
                "children": [
                  {
                    "kind": "TypeNominal",
                    "name": "Optional",
                    "printedName": "Swift.String?",
                    "children": [
                      {
                        "kind": "TypeNominal",
                        "name": "String",
                        "printedName": "Swift.String",
                        "usr": "s:SS"
                      }
                    ],
                    "usr": "s:Sq"
                  }
                ],
                "declKind": "Accessor",
                "usr": "s:22USDInteropAdvancedCore16USDAdvancedErrorO16errorDescriptionSSSgvg",
                "mangledName": "$s22USDInteropAdvancedCore16USDAdvancedErrorO16errorDescriptionSSSgvg",
                "moduleName": "USDInteropAdvancedCore",
                "accessorKind": "get"
              }
            ]
          }
        ],
        "declKind": "Enum",
        "usr": "s:22USDInteropAdvancedCore16USDAdvancedErrorO",
        "mangledName": "$s22USDInteropAdvancedCore16USDAdvancedErrorO",
        "moduleName": "USDInteropAdvancedCore",
        "declAttributes": [
          "AccessControl"
        ],
        "conformances": [
          {
            "kind": "Conformance",
            "name": "Copyable",
            "printedName": "Copyable",
            "usr": "s:s8CopyableP",
            "mangledName": "$ss8CopyableP"
          },
          {
            "kind": "Conformance",
            "name": "Escapable",
            "printedName": "Escapable",
            "usr": "s:s9EscapableP",
            "mangledName": "$ss9EscapableP"
          },
          {
            "kind": "Conformance",
            "name": "Error",
            "printedName": "Error",
            "usr": "s:s5ErrorP",
            "mangledName": "$ss5ErrorP"
          },
          {
            "kind": "Conformance",
            "name": "LocalizedError",
            "printedName": "LocalizedError",
            "usr": "s:10Foundation14LocalizedErrorP",
            "mangledName": "$s10Foundation14LocalizedErrorP"
          },
          {
            "kind": "Conformance",
            "name": "Sendable",
            "printedName": "Sendable",
            "usr": "s:s8SendableP",
            "mangledName": "$ss8SendableP"
          },
          {
            "kind": "Conformance",
            "name": "SendableMetatype",
            "printedName": "SendableMetatype",
            "usr": "s:s16SendableMetatypeP",
            "mangledName": "$ss16SendableMetatypeP"
          }
        ]
      },
      {
        "kind": "TypeDecl",
        "name": "USDAdvancedClient",
        "printedName": "USDAdvancedClient",
        "children": [
          {
            "kind": "Constructor",
            "name": "init",
            "printedName": "init()",
            "children": [
              {
                "kind": "TypeNominal",
                "name": "USDAdvancedClient",
                "printedName": "USDInteropAdvancedCore.USDAdvancedClient",
                "usr": "s:22USDInteropAdvancedCore17USDAdvancedClientV"
              }
            ],
            "declKind": "Constructor",
            "usr": "s:22USDInteropAdvancedCore17USDAdvancedClientVACycfc",
            "mangledName": "$s22USDInteropAdvancedCore17USDAdvancedClientVACycfc",
            "moduleName": "USDInteropAdvancedCore",
            "declAttributes": [
              "AccessControl"
            ],
            "init_kind": "Designated"
          }
        ],
        "declKind": "Struct",
        "usr": "s:22USDInteropAdvancedCore17USDAdvancedClientV",
        "mangledName": "$s22USDInteropAdvancedCore17USDAdvancedClientV",
        "moduleName": "USDInteropAdvancedCore",
        "declAttributes": [
          "AccessControl"
        ],
        "conformances": [
          {
            "kind": "Conformance",
            "name": "Copyable",
            "printedName": "Copyable",
            "usr": "s:s8CopyableP",
            "mangledName": "$ss8CopyableP"
          },
          {
            "kind": "Conformance",
            "name": "Escapable",
            "printedName": "Escapable",
            "usr": "s:s9EscapableP",
            "mangledName": "$ss9EscapableP"
          },
          {
            "kind": "Conformance",
            "name": "Sendable",
            "printedName": "Sendable",
            "usr": "s:s8SendableP",
            "mangledName": "$ss8SendableP"
          },
          {
            "kind": "Conformance",
            "name": "SendableMetatype",
            "printedName": "SendableMetatype",
            "usr": "s:s16SendableMetatypeP",
            "mangledName": "$ss16SendableMetatypeP"
          }
        ]
      }
    ],
    "json_format_version": 8
  },
  "ConstValues": []
}