{
  "ABIRoot": {
    "kind": "Root",
    "name": "USDInteropAdvancedSession",
    "printedName": "USDInteropAdvancedSession",
    "children": [
      {
        "kind": "Import",
        "name": "OpenUSD",
        "printedName": "OpenUSD",
        "declKind": "Import",
        "moduleName": "USDInteropAdvancedSession",
        "declAttributes": [
          "SPIAccessControl"
        ]
      },
      {
        "kind": "Import",
        "name": "CxxStdlib",
        "printedName": "CxxStdlib",
        "declKind": "Import",
        "moduleName": "USDInteropAdvancedSession"
      },
      {
        "kind": "Import",
        "name": "Foundation",
        "printedName": "Foundation",
        "declKind": "Import",
        "moduleName": "USDInteropAdvancedSession"
      },
      {
        "kind": "Import",
        "name": "OpenUSD",
        "printedName": "OpenUSD",
        "declKind": "Import",
        "moduleName": "USDInteropAdvancedSession",
        "declAttributes": [
          "SPIAccessControl"
        ]
      },
      {
        "kind": "Import",
        "name": "USDInterfaces",
        "printedName": "USDInterfaces",
        "declKind": "Import",
        "moduleName": "USDInteropAdvancedSession"
      },
      {
        "kind": "Import",
        "name": "USDInteropAdvancedCore",
        "printedName": "USDInteropAdvancedCore",
        "declKind": "Import",
        "moduleName": "USDInteropAdvancedSession"
      },
      {
        "kind": "Import",
        "name": "USDInteropAdvancedUtils",
        "printedName": "USDInteropAdvancedUtils",
        "declKind": "Import",
        "moduleName": "USDInteropAdvancedSession"
      },
      {
        "kind": "TypeDecl",
        "name": "USDAdvancedClient",
        "printedName": "USDAdvancedClient",
        "children": [
          {
            "kind": "Function",
            "name": "exportFlattenedSessionLayer",
            "printedName": "exportFlattenedSessionLayer(sessionLayerURL:outputURL:isUsdz:)",
            "children": [
              {
                "kind": "TypeNominal",
                "name": "Void",
                "printedName": "()"
              },
              {
                "kind": "TypeNominal",
                "name": "URL",
                "printedName": "Foundation.URL",
                "usr": "s:10Foundation3URLV"
              },
              {
                "kind": "TypeNominal",
                "name": "URL",
                "printedName": "Foundation.URL",
                "usr": "s:10Foundation3URLV"
              },
              {
                "kind": "TypeNominal",
                "name": "Bool",
                "printedName": "Swift.Bool",
                "usr": "s:Sb"
              }
            ],
            "declKind": "Func",
            "usr": "s:22USDInteropAdvancedCore17USDAdvancedClientV0aB7SessionE015exportFlattenedF5Layer07sessionI3URL06outputK06isUsdzy10Foundation0K0V_AKSbtKF",
            "mangledName": "$s22USDInteropAdvancedCore17USDAdvancedClientV0aB7SessionE015exportFlattenedF5Layer07sessionI3URL06outputK06isUsdzy10Foundation0K0V_AKSbtKF",
            "moduleName": "USDInteropAdvancedSession",
            "isFromExtension": true,
            "throwing": true,
            "funcSelfKind": "NonMutating"
          }
        ],
        "declKind": "Struct",
        "usr": "s:22USDInteropAdvancedCore17USDAdvancedClientV",
        "mangledName": "$s22USDInteropAdvancedCore17USDAdvancedClientV",
        "moduleName": "USDInteropAdvancedCore",
        "isExternal": true,
        "conformances": [
          {
            "kind": "Conformance",
            "name": "Sendable",
            "printedName": "Sendable",
            "usr": "s:s8SendableP",
            "mangledName": "$ss8SendableP"
          },
          {
            "kind": "Conformance",
            "name": "SendableMetatype",
            "printedName": "SendableMetatype",
            "usr": "s:s16SendableMetatypeP",
            "mangledName": "$ss16SendableMetatypeP"
          },
          {
            "kind": "Conformance",
            "name": "Copyable",
            "printedName": "Copyable",
            "usr": "s:s8CopyableP",
            "mangledName": "$ss8CopyableP"
          },
          {
            "kind": "Conformance",
            "name": "Escapable",
            "printedName": "Escapable",
            "usr": "s:s9EscapableP",
            "mangledName": "$ss9EscapableP"
          }
        ]
      }
    ],
    "json_format_version": 8
  },
  "ConstValues": []
}