{
  "ABIRoot": {
    "kind": "Root",
    "name": "USDInteropAdvanced",
    "printedName": "USDInteropAdvanced",
    "children": [
      {
        "kind": "Import",
        "name": "USDInteropAdvancedCore",
        "printedName": "USDInteropAdvancedCore",
        "declKind": "Import",
        "moduleName": "USDInteropAdvanced",
        "declAttributes": [
          "Exported"
        ]
      },
      {
        "kind": "Import",
        "name": "USDInteropAdvancedEditing",
        "printedName": "USDInteropAdvancedEditing",
        "declKind": "Import",
        "moduleName": "USDInteropAdvanced",
        "declAttributes": [
          "Exported"
        ]
      },
      {
        "kind": "Import",
        "name": "USDInteropAdvancedInspection",
        "printedName": "USDInteropAdvancedInspection",
        "declKind": "Import",
        "moduleName": "USDInteropAdvanced",
        "declAttributes": [
          "Exported"
        ]
      },
      {
        "kind": "Import",
        "name": "USDInteropAdvancedUtils",
        "printedName": "USDInteropAdvancedUtils",
        "declKind": "Import",
        "moduleName": "USDInteropAdvanced",
        "declAttributes": [
          "Exported"
        ]
      }
    ],
    "json_format_version": 8
  },
  "ConstValues": []
}