{
  "ABIRoot": {
    "kind": "Root",
    "name": "USDInteropAdvancedUtils",
    "printedName": "USDInteropAdvancedUtils",
    "children": [
      {
        "kind": "Import",
        "name": "OpenUSD",
        "printedName": "OpenUSD",
        "declKind": "Import",
        "moduleName": "USDInteropAdvancedUtils",
        "declAttributes": [
          "SPIAccessControl"
        ]
      },
      {
        "kind": "Import",
        "name": "Foundation",
        "printedName": "Foundation",
        "declKind": "Import",
        "moduleName": "USDInteropAdvancedUtils"
      },
      {
        "kind": "Import",
        "name": "CxxStdlib",
        "printedName": "CxxStdlib",
        "declKind": "Import",
        "moduleName": "USDInteropAdvancedUtils"
      },
      {
        "kind": "Import",
        "name": "USDInteropCxx",
        "printedName": "USDInteropCxx",
        "declKind": "Import",
        "moduleName": "USDInteropAdvancedUtils"
      },
      {
        "kind": "TypeDecl",
        "name": "USDUtilsWrapper",
        "printedName": "USDUtilsWrapper",
        "children": [
          {
            "kind": "TypeDecl",
            "name": "DependencyCheckResult",
            "printedName": "DependencyCheckResult",
            "children": [
              {
                "kind": "Var",
                "name": "allResolved",
                "printedName": "allResolved",
                "children": [
                  {
                    "kind": "TypeNominal",
                    "name": "Bool",
                    "printedName": "Swift.Bool",
                    "usr": "s:Sb"
                  }
                ],
                "declKind": "Var",
                "usr": "s:23USDInteropAdvancedUtils15USDUtilsWrapperO21DependencyCheckResultV11allResolvedSbvp",
                "mangledName": "$s23USDInteropAdvancedUtils15USDUtilsWrapperO21DependencyCheckResultV11allResolvedSbvp",
                "moduleName": "USDInteropAdvancedUtils",
                "declAttributes": [
                  "HasStorage",
                  "AccessControl"
                ],
                "isLet": true,
                "hasStorage": true,
                "accessors": [
                  {
                    "kind": "Accessor",
                    "name": "Get",
                    "printedName": "Get()",
                    "children": [
                      {
                        "kind": "TypeNominal",
                        "name": "Bool",
                        "printedName": "Swift.Bool",
                        "usr": "s:Sb"
                      }
                    ],
                    "declKind": "Accessor",
                    "usr": "s:23USDInteropAdvancedUtils15USDUtilsWrapperO21DependencyCheckResultV11allResolvedSbvg",
                    "mangledName": "$s23USDInteropAdvancedUtils15USDUtilsWrapperO21DependencyCheckResultV11allResolvedSbvg",
                    "moduleName": "USDInteropAdvancedUtils",
                    "implicit": true,
                    "accessorKind": "get"
                  }
                ]
              },
              {
                "kind": "Var",
                "name": "unresolvedPaths",
                "printedName": "unresolvedPaths",
                "children": [
                  {
                    "kind": "TypeNominal",
                    "name": "Array",
                    "printedName": "[Swift.String]",
                    "children": [
                      {
                        "kind": "TypeNominal",
                        "name": "String",
                        "printedName": "Swift.String",
                        "usr": "s:SS"
                      }
                    ],
                    "usr": "s:Sa"
                  }
                ],
                "declKind": "Var",
                "usr": "s:23USDInteropAdvancedUtils15USDUtilsWrapperO21DependencyCheckResultV15unresolvedPathsSaySSGvp",
                "mangledName": "$s23USDInteropAdvancedUtils15USDUtilsWrapperO21DependencyCheckResultV15unresolvedPathsSaySSGvp",
                "moduleName": "USDInteropAdvancedUtils",
                "declAttributes": [
                  "HasStorage",
                  "AccessControl"
                ],
                "isLet": true,
                "hasStorage": true,
                "accessors": [
                  {
                    "kind": "Accessor",
                    "name": "Get",
                    "printedName": "Get()",
                    "children": [
                      {
                        "kind": "TypeNominal",
                        "name": "Array",
                        "printedName": "[Swift.String]",
                        "children": [
                          {
                            "kind": "TypeNominal",
                            "name": "String",
                            "printedName": "Swift.String",
                            "usr": "s:SS"
                          }
                        ],
                        "usr": "s:Sa"
                      }
                    ],
                    "declKind": "Accessor",
                    "usr": "s:23USDInteropAdvancedUtils15USDUtilsWrapperO21DependencyCheckResultV15unresolvedPathsSaySSGvg",
                    "mangledName": "$s23USDInteropAdvancedUtils15USDUtilsWrapperO21DependencyCheckResultV15unresolvedPathsSaySSGvg",
                    "moduleName": "USDInteropAdvancedUtils",
                    "implicit": true,
                    "accessorKind": "get"
                  }
                ]
              },
              {
                "kind": "Constructor",
                "name": "init",
                "printedName": "init(allResolved:unresolvedPaths:)",
                "children": [
                  {
                    "kind": "TypeNominal",
                    "name": "DependencyCheckResult",
                    "printedName": "USDInteropAdvancedUtils.USDUtilsWrapper.DependencyCheckResult",
                    "usr": "s:23USDInteropAdvancedUtils15USDUtilsWrapperO21DependencyCheckResultV"
                  },
                  {
                    "kind": "TypeNominal",
                    "name": "Bool",
                    "printedName": "Swift.Bool",
                    "usr": "s:Sb"
                  },
                  {
                    "kind": "TypeNominal",
                    "name": "Array",
                    "printedName": "[Swift.String]",
                    "children": [
                      {
                        "kind": "TypeNominal",
                        "name": "String",
                        "printedName": "Swift.String",
                        "usr": "s:SS"
                      }
                    ],
                    "usr": "s:Sa"
                  }
                ],
                "declKind": "Constructor",
                "usr": "s:23USDInteropAdvancedUtils15USDUtilsWrapperO21DependencyCheckResultV11allResolved15unresolvedPathsAESb_SaySSGtcfc",
                "mangledName": "$s23USDInteropAdvancedUtils15USDUtilsWrapperO21DependencyCheckResultV11allResolved15unresolvedPathsAESb_SaySSGtcfc",
                "moduleName": "USDInteropAdvancedUtils",
                "declAttributes": [
                  "AccessControl"
                ],
                "init_kind": "Designated"
              }
            ],
            "declKind": "Struct",
            "usr": "s:23USDInteropAdvancedUtils15USDUtilsWrapperO21DependencyCheckResultV",
            "mangledName": "$s23USDInteropAdvancedUtils15USDUtilsWrapperO21DependencyCheckResultV",
            "moduleName": "USDInteropAdvancedUtils",
            "declAttributes": [
              "AccessControl"
            ],
            "conformances": [
              {
                "kind": "Conformance",
                "name": "Copyable",
                "printedName": "Copyable",
                "usr": "s:s8CopyableP",
                "mangledName": "$ss8CopyableP"
              },
              {
                "kind": "Conformance",
                "name": "Escapable",
                "printedName": "Escapable",
                "usr": "s:s9EscapableP",
                "mangledName": "$ss9EscapableP"
              }
            ]
          },
          {
            "kind": "Function",
            "name": "checkDependencies",
            "printedName": "checkDependencies(assetPath:)",
            "children": [
              {
                "kind": "TypeNominal",
                "name": "DependencyCheckResult",
                "printedName": "USDInteropAdvancedUtils.USDUtilsWrapper.DependencyCheckResult",
                "usr": "s:23USDInteropAdvancedUtils15USDUtilsWrapperO21DependencyCheckResultV"
              },
              {
                "kind": "TypeNominal",
                "name": "String",
                "printedName": "Swift.String",
                "usr": "s:SS"
              }
            ],
            "declKind": "Func",
            "usr": "s:23USDInteropAdvancedUtils15USDUtilsWrapperO17checkDependencies9assetPathAC21DependencyCheckResultVSS_tFZ",
            "mangledName": "$s23USDInteropAdvancedUtils15USDUtilsWrapperO17checkDependencies9assetPathAC21DependencyCheckResultVSS_tFZ",
            "moduleName": "USDInteropAdvancedUtils",
            "static": true,
            "declAttributes": [
              "AccessControl"
            ],
            "funcSelfKind": "NonMutating"
          },
          {
            "kind": "Function",
            "name": "createUsdzPackage",
            "printedName": "createUsdzPackage(assetPath:outputPath:arkitCompatible:)",
            "children": [
              {
                "kind": "TypeNominal",
                "name": "Bool",
                "printedName": "Swift.Bool",
                "usr": "s:Sb"
              },
              {
                "kind": "TypeNominal",
                "name": "String",
                "printedName": "Swift.String",
                "usr": "s:SS"
              },
              {
                "kind": "TypeNominal",
                "name": "String",
                "printedName": "Swift.String",
                "usr": "s:SS"
              },
              {
                "kind": "TypeNominal",
                "name": "Bool",
                "printedName": "Swift.Bool",
                "usr": "s:Sb"
              }
            ],
            "declKind": "Func",
            "usr": "s:23USDInteropAdvancedUtils15USDUtilsWrapperO17createUsdzPackage9assetPath06outputJ015arkitCompatibleSbSS_SSSbtFZ",
            "mangledName": "$s23USDInteropAdvancedUtils15USDUtilsWrapperO17createUsdzPackage9assetPath06outputJ015arkitCompatibleSbSS_SSSbtFZ",
            "moduleName": "USDInteropAdvancedUtils",
            "static": true,
            "declAttributes": [
              "AccessControl"
            ],
            "funcSelfKind": "NonMutating"
          }
        ],
        "declKind": "Enum",
        "usr": "s:23USDInteropAdvancedUtils15USDUtilsWrapperO",
        "mangledName": "$s23USDInteropAdvancedUtils15USDUtilsWrapperO",
        "moduleName": "USDInteropAdvancedUtils",
        "declAttributes": [
          "AccessControl",
          "RawDocComment"
        ],
        "conformances": [
          {
            "kind": "Conformance",
            "name": "Copyable",
            "printedName": "Copyable",
            "usr": "s:s8CopyableP",
            "mangledName": "$ss8CopyableP"
          },
          {
            "kind": "Conformance",
            "name": "Escapable",
            "printedName": "Escapable",
            "usr": "s:s9EscapableP",
            "mangledName": "$ss9EscapableP"
          }
        ]
      },
      {
        "kind": "Import",
        "name": "Foundation",
        "printedName": "Foundation",
        "declKind": "Import",
        "moduleName": "USDInteropAdvancedUtils",
        "declAttributes": [
          "RawDocComment"
        ]
      },
      {
        "kind": "Import",
        "name": "OpenUSD",
        "printedName": "OpenUSD",
        "declKind": "Import",
        "moduleName": "USDInteropAdvancedUtils",
        "declAttributes": [
          "SPIAccessControl"
        ]
      },
      {
        "kind": "Import",
        "name": "CxxStdlib",
        "printedName": "CxxStdlib",
        "declKind": "Import",
        "moduleName": "USDInteropAdvancedUtils"
      },
      {
        "kind": "Import",
        "name": "USDInteropAdvancedCore",
        "printedName": "USDInteropAdvancedCore",
        "declKind": "Import",
        "moduleName": "USDInteropAdvancedUtils"
      },
      {
        "kind": "TypeDecl",
        "name": "USDZTextureReader",
        "printedName": "USDZTextureReader",
        "children": [
          {
            "kind": "Function",
            "name": "readTexture",
            "printedName": "readTexture(_:from:)",
            "children": [
              {
                "kind": "TypeNominal",
                "name": "Optional",
                "printedName": "Foundation.Data?",
                "children": [
                  {
                    "kind": "TypeNominal",
                    "name": "Data",
                    "printedName": "Foundation.Data",
                    "usr": "s:10Foundation4DataV"
                  }
                ],
                "usr": "s:Sq"
              },
              {
                "kind": "TypeNominal",
                "name": "String",
                "printedName": "Swift.String",
                "usr": "s:SS"
              },
              {
                "kind": "TypeNominal",
                "name": "URL",
                "printedName": "Foundation.URL",
                "usr": "s:10Foundation3URLV"
              }
            ],
            "declKind": "Func",
            "usr": "s:23USDInteropAdvancedUtils17USDZTextureReaderO11readTexture_4from10Foundation4DataVSgSS_AF3URLVtFZ",
            "mangledName": "$s23USDInteropAdvancedUtils17USDZTextureReaderO11readTexture_4from10Foundation4DataVSgSS_AF3URLVtFZ",
            "moduleName": "USDInteropAdvancedUtils",
            "static": true,
            "declAttributes": [
              "AccessControl",
              "RawDocComment"
            ],
            "funcSelfKind": "NonMutating"
          },
          {
            "kind": "Function",
            "name": "readAllTextures",
            "printedName": "readAllTextures(from:)",
            "children": [
              {
                "kind": "TypeNominal",
                "name": "Dictionary",
                "printedName": "[Swift.String : Foundation.Data]",
                "children": [
                  {
                    "kind": "TypeNominal",
                    "name": "String",
                    "printedName": "Swift.String",
                    "usr": "s:SS"
                  },
                  {
                    "kind": "TypeNominal",
                    "name": "Data",
                    "printedName": "Foundation.Data",
                    "usr": "s:10Foundation4DataV"
                  }
                ],
                "usr": "s:SD"
              },
              {
                "kind": "TypeNominal",
                "name": "URL",
                "printedName": "Foundation.URL",
                "usr": "s:10Foundation3URLV"
              }
            ],
            "declKind": "Func",
            "usr": "s:23USDInteropAdvancedUtils17USDZTextureReaderO15readAllTextures4fromSDySS10Foundation4DataVGAF3URLV_tFZ",
            "mangledName": "$s23USDInteropAdvancedUtils17USDZTextureReaderO15readAllTextures4fromSDySS10Foundation4DataVGAF3URLV_tFZ",
            "moduleName": "USDInteropAdvancedUtils",
            "static": true,
            "declAttributes": [
              "AccessControl",
              "RawDocComment"
            ],
            "funcSelfKind": "NonMutating"
          }
        ],
        "declKind": "Enum",
        "usr": "s:23USDInteropAdvancedUtils17USDZTextureReaderO",
        "mangledName": "$s23USDInteropAdvancedUtils17USDZTextureReaderO",
        "moduleName": "USDInteropAdvancedUtils",
        "declAttributes": [
          "AccessControl",
          "RawDocComment"
        ],
        "conformances": [
          {
            "kind": "Conformance",
            "name": "Copyable",
            "printedName": "Copyable",
            "usr": "s:s8CopyableP",
            "mangledName": "$ss8CopyableP"
          },
          {
            "kind": "Conformance",
            "name": "Escapable",
            "printedName": "Escapable",
            "usr": "s:s9EscapableP",
            "mangledName": "$ss9EscapableP"
          }
        ]
      }
    ],
    "json_format_version": 8
  },
  "ConstValues": []
}