{
  "ABIRoot": {
    "kind": "Root",
    "name": "USDInteropAdvancedEditing",
    "printedName": "USDInteropAdvancedEditing",
    "children": [
      {
        "kind": "Import",
        "name": "OpenUSD",
        "printedName": "OpenUSD",
        "declKind": "Import",
        "moduleName": "USDInteropAdvancedEditing",
        "declAttributes": [
          "SPIAccessControl"
        ]
      },
      {
        "kind": "Import",
        "name": "CxxStdlib",
        "printedName": "CxxStdlib",
        "declKind": "Import",
        "moduleName": "USDInteropAdvancedEditing"
      },
      {
        "kind": "Import",
        "name": "Foundation",
        "printedName": "Foundation",
        "declKind": "Import",
        "moduleName": "USDInteropAdvancedEditing"
      },
      {
        "kind": "Import",
        "name": "OpenUSD",
        "printedName": "OpenUSD",
        "declKind": "Import",
        "moduleName": "USDInteropAdvancedEditing",
        "declAttributes": [
          "SPIAccessControl"
        ]
      },
      {
        "kind": "Import",
        "name": "USDInteropAdvancedCore",
        "printedName": "USDInteropAdvancedCore",
        "declKind": "Import",
        "moduleName": "USDInteropAdvancedEditing"
      },
      {
        "kind": "Import",
        "name": "CxxStdlib",
        "printedName": "CxxStdlib",
        "declKind": "Import",
        "moduleName": "USDInteropAdvancedEditing"
      },
      {
        "kind": "Import",
        "name": "Foundation",
        "printedName": "Foundation",
        "declKind": "Import",
        "moduleName": "USDInteropAdvancedEditing"
      },
      {
        "kind": "Import",
        "name": "OpenUSD",
        "printedName": "OpenUSD",
        "declKind": "Import",
        "moduleName": "USDInteropAdvancedEditing",
        "declAttributes": [
          "SPIAccessControl"
        ]
      },
      {
        "kind": "Import",
        "name": "USDInterfaces",
        "printedName": "USDInterfaces",
        "declKind": "Import",
        "moduleName": "USDInteropAdvancedEditing"
      },
      {
        "kind": "Import",
        "name": "USDInteropAdvancedCore",
        "printedName": "USDInteropAdvancedCore",
        "declKind": "Import",
        "moduleName": "USDInteropAdvancedEditing"
      },
      {
        "kind": "TypeDecl",
        "name": "USDPrimitiveDefaultsPreset",
        "printedName": "USDPrimitiveDefaultsPreset",
        "children": [
          {
            "kind": "Var",
            "name": "rcp",
            "printedName": "rcp",
            "children": [
              {
                "kind": "TypeFunc",
                "name": "Function",
                "printedName": "(USDInteropAdvancedEditing.USDPrimitiveDefaultsPreset.Type) -> USDInteropAdvancedEditing.USDPrimitiveDefaultsPreset",
                "children": [
                  {
                    "kind": "TypeNominal",
                    "name": "USDPrimitiveDefaultsPreset",
                    "printedName": "USDInteropAdvancedEditing.USDPrimitiveDefaultsPreset",
                    "usr": "s:25USDInteropAdvancedEditing26USDPrimitiveDefaultsPresetO"
                  },
                  {
                    "kind": "TypeNominal",
                    "name": "Metatype",
                    "printedName": "USDInteropAdvancedEditing.USDPrimitiveDefaultsPreset.Type",
                    "children": [
                      {
                        "kind": "TypeNominal",
                        "name": "USDPrimitiveDefaultsPreset",
                        "printedName": "USDInteropAdvancedEditing.USDPrimitiveDefaultsPreset",
                        "usr": "s:25USDInteropAdvancedEditing26USDPrimitiveDefaultsPresetO"
                      }
                    ]
                  }
                ]
              }
            ],
            "declKind": "EnumElement",
            "usr": "s:25USDInteropAdvancedEditing26USDPrimitiveDefaultsPresetO3rcpyA2CmF",
            "mangledName": "$s25USDInteropAdvancedEditing26USDPrimitiveDefaultsPresetO3rcpyA2CmF",
            "moduleName": "USDInteropAdvancedEditing",
            "declAttributes": [
              "RawDocComment"
            ]
          },
          {
            "kind": "Function",
            "name": "==",
            "printedName": "==(_:_:)",
            "children": [
              {
                "kind": "TypeNominal",
                "name": "Bool",
                "printedName": "Swift.Bool",
                "usr": "s:Sb"
              },
              {
                "kind": "TypeNominal",
                "name": "USDPrimitiveDefaultsPreset",
                "printedName": "USDInteropAdvancedEditing.USDPrimitiveDefaultsPreset",
                "usr": "s:25USDInteropAdvancedEditing26USDPrimitiveDefaultsPresetO"
              },
              {
                "kind": "TypeNominal",
                "name": "USDPrimitiveDefaultsPreset",
                "printedName": "USDInteropAdvancedEditing.USDPrimitiveDefaultsPreset",
                "usr": "s:25USDInteropAdvancedEditing26USDPrimitiveDefaultsPresetO"
              }
            ],
            "declKind": "Func",
            "usr": "s:25USDInteropAdvancedEditing26USDPrimitiveDefaultsPresetO2eeoiySbAC_ACtFZ",
            "mangledName": "$s25USDInteropAdvancedEditing26USDPrimitiveDefaultsPresetO2eeoiySbAC_ACtFZ",
            "moduleName": "USDInteropAdvancedEditing",
            "static": true,
            "implicit": true,
            "funcSelfKind": "NonMutating"
          },
          {
            "kind": "Var",
            "name": "hashValue",
            "printedName": "hashValue",
            "children": [
              {
                "kind": "TypeNominal",
                "name": "Int",
                "printedName": "Swift.Int",
                "usr": "s:Si"
              }
            ],
            "declKind": "Var",
            "usr": "s:25USDInteropAdvancedEditing26USDPrimitiveDefaultsPresetO9hashValueSivp",
            "mangledName": "$s25USDInteropAdvancedEditing26USDPrimitiveDefaultsPresetO9hashValueSivp",
            "moduleName": "USDInteropAdvancedEditing",
            "implicit": true,
            "accessors": [
              {
                "kind": "Accessor",
                "name": "Get",
                "printedName": "Get()",
                "children": [
                  {
                    "kind": "TypeNominal",
                    "name": "Int",
                    "printedName": "Swift.Int",
                    "usr": "s:Si"
                  }
                ],
                "declKind": "Accessor",
                "usr": "s:25USDInteropAdvancedEditing26USDPrimitiveDefaultsPresetO9hashValueSivg",
                "mangledName": "$s25USDInteropAdvancedEditing26USDPrimitiveDefaultsPresetO9hashValueSivg",
                "moduleName": "USDInteropAdvancedEditing",
                "implicit": true,
                "accessorKind": "get"
              }
            ]
          },
          {
            "kind": "Function",
            "name": "hash",
            "printedName": "hash(into:)",
            "children": [
              {
                "kind": "TypeNominal",
                "name": "Void",
                "printedName": "()"
              },
              {
                "kind": "TypeNominal",
                "name": "Hasher",
                "printedName": "Swift.Hasher",
                "paramValueOwnership": "InOut",
                "usr": "s:s6HasherV"
              }
            ],
            "declKind": "Func",
            "usr": "s:25USDInteropAdvancedEditing26USDPrimitiveDefaultsPresetO4hash4intoys6HasherVz_tF",
            "mangledName": "$s25USDInteropAdvancedEditing26USDPrimitiveDefaultsPresetO4hash4intoys6HasherVz_tF",
            "moduleName": "USDInteropAdvancedEditing",
            "implicit": true,
            "funcSelfKind": "NonMutating"
          }
        ],
        "declKind": "Enum",
        "usr": "s:25USDInteropAdvancedEditing26USDPrimitiveDefaultsPresetO",
        "mangledName": "$s25USDInteropAdvancedEditing26USDPrimitiveDefaultsPresetO",
        "moduleName": "USDInteropAdvancedEditing",
        "declAttributes": [
          "AccessControl"
        ],
        "conformances": [
          {
            "kind": "Conformance",
            "name": "Copyable",
            "printedName": "Copyable",
            "usr": "s:s8CopyableP",
            "mangledName": "$ss8CopyableP"
          },
          {
            "kind": "Conformance",
            "name": "Escapable",
            "printedName": "Escapable",
            "usr": "s:s9EscapableP",
            "mangledName": "$ss9EscapableP"
          },
          {
            "kind": "Conformance",
            "name": "Equatable",
            "printedName": "Equatable",
            "usr": "s:SQ",
            "mangledName": "$sSQ"
          },
          {
            "kind": "Conformance",
            "name": "Hashable",
            "printedName": "Hashable",
            "usr": "s:SH",
            "mangledName": "$sSH"
          },
          {
            "kind": "Conformance",
            "name": "Sendable",
            "printedName": "Sendable",
            "usr": "s:s8SendableP",
            "mangledName": "$ss8SendableP"
          },
          {
            "kind": "Conformance",
            "name": "SendableMetatype",
            "printedName": "SendableMetatype",
            "usr": "s:s16SendableMetatypeP",
            "mangledName": "$ss16SendableMetatypeP"
          }
        ]
      },
      {
        "kind": "TypeDecl",
        "name": "USDAdvancedClient",
        "printedName": "USDAdvancedClient",
        "children": [
          {
            "kind": "Function",
            "name": "listPrimSummaries",
            "printedName": "listPrimSummaries(url:)",
            "children": [
              {
                "kind": "TypeNominal",
                "name": "Array",
                "printedName": "[USDInterfaces.USDPrimSummary]",
                "children": [
                  {
                    "kind": "TypeNominal",
                    "name": "USDPrimSummary",
                    "printedName": "USDInterfaces.USDPrimSummary",
                    "usr": "s:13USDInterfaces14USDPrimSummaryV"
                  }
                ],
                "usr": "s:Sa"
              },
              {
                "kind": "TypeNominal",
                "name": "URL",
                "printedName": "Foundation.URL",
                "usr": "s:10Foundation3URLV"
              }
            ],
            "declKind": "Func",
            "usr": "s:22USDInteropAdvancedCore17USDAdvancedClientV0aB7EditingE17listPrimSummaries3urlSay13USDInterfaces14USDPrimSummaryVG10Foundation3URLV_tKF",
            "mangledName": "$s22USDInteropAdvancedCore17USDAdvancedClientV0aB7EditingE17listPrimSummaries3urlSay13USDInterfaces14USDPrimSummaryVG10Foundation3URLV_tKF",
            "moduleName": "USDInteropAdvancedEditing",
            "declAttributes": [
              "AccessControl"
            ],
            "isFromExtension": true,
            "throwing": true,
            "funcSelfKind": "NonMutating"
          },
          {
            "kind": "Function",
            "name": "defaultPrimPath",
            "printedName": "defaultPrimPath(url:)",
            "children": [
              {
                "kind": "TypeNominal",
                "name": "Optional",
                "printedName": "Swift.String?",
                "children": [
                  {
                    "kind": "TypeNominal",
                    "name": "String",
                    "printedName": "Swift.String",
                    "usr": "s:SS"
                  }
                ],
                "usr": "s:Sq"
              },
              {
                "kind": "TypeNominal",
                "name": "URL",
                "printedName": "Foundation.URL",
                "usr": "s:10Foundation3URLV"
              }
            ],
            "declKind": "Func",
            "usr": "s:22USDInteropAdvancedCore17USDAdvancedClientV0aB7EditingE15defaultPrimPath3urlSSSg10Foundation3URLV_tKF",
            "mangledName": "$s22USDInteropAdvancedCore17USDAdvancedClientV0aB7EditingE15defaultPrimPath3urlSSSg10Foundation3URLV_tKF",
            "moduleName": "USDInteropAdvancedEditing",
            "declAttributes": [
              "AccessControl"
            ],
            "isFromExtension": true,
            "throwing": true,
            "funcSelfKind": "NonMutating"
          },
          {
            "kind": "Function",
            "name": "setDefaultPrim",
            "printedName": "setDefaultPrim(url:primPath:)",
            "children": [
              {
                "kind": "TypeNominal",
                "name": "Void",
                "printedName": "()"
              },
              {
                "kind": "TypeNominal",
                "name": "URL",
                "printedName": "Foundation.URL",
                "usr": "s:10Foundation3URLV"
              },
              {
                "kind": "TypeNominal",
                "name": "String",
                "printedName": "Swift.String",
                "usr": "s:SS"
              }
            ],
            "declKind": "Func",
            "usr": "s:22USDInteropAdvancedCore17USDAdvancedClientV0aB7EditingE14setDefaultPrim3url8primPathy10Foundation3URLV_SStKF",
            "mangledName": "$s22USDInteropAdvancedCore17USDAdvancedClientV0aB7EditingE14setDefaultPrim3url8primPathy10Foundation3URLV_SStKF",
            "moduleName": "USDInteropAdvancedEditing",
            "declAttributes": [
              "AccessControl"
            ],
            "isFromExtension": true,
            "throwing": true,
            "funcSelfKind": "NonMutating"
          },
          {
            "kind": "Function",
            "name": "setMetersPerUnit",
            "printedName": "setMetersPerUnit(url:value:)",
            "children": [
              {
                "kind": "TypeNominal",
                "name": "Void",
                "printedName": "()"
              },
              {
                "kind": "TypeNominal",
                "name": "URL",
                "printedName": "Foundation.URL",
                "usr": "s:10Foundation3URLV"
              },
              {
                "kind": "TypeNominal",
                "name": "Double",
                "printedName": "Swift.Double",
                "usr": "s:Sd"
              }
            ],
            "declKind": "Func",
            "usr": "s:22USDInteropAdvancedCore17USDAdvancedClientV0aB7EditingE16setMetersPerUnit3url5valuey10Foundation3URLV_SdtKF",
            "mangledName": "$s22USDInteropAdvancedCore17USDAdvancedClientV0aB7EditingE16setMetersPerUnit3url5valuey10Foundation3URLV_SdtKF",
            "moduleName": "USDInteropAdvancedEditing",
            "declAttributes": [
              "AccessControl"
            ],
            "isFromExtension": true,
            "throwing": true,
            "funcSelfKind": "NonMutating"
          },
          {
            "kind": "Function",
            "name": "setUpAxis",
            "printedName": "setUpAxis(url:axis:)",
            "children": [
              {
                "kind": "TypeNominal",
                "name": "Void",
                "printedName": "()"
              },
              {
                "kind": "TypeNominal",
                "name": "URL",
                "printedName": "Foundation.URL",
                "usr": "s:10Foundation3URLV"
              },
              {
                "kind": "TypeNominal",
                "name": "String",
                "printedName": "Swift.String",
                "usr": "s:SS"
              }
            ],
            "declKind": "Func",
            "usr": "s:22USDInteropAdvancedCore17USDAdvancedClientV0aB7EditingE9setUpAxis3url4axisy10Foundation3URLV_SStKF",
            "mangledName": "$s22USDInteropAdvancedCore17USDAdvancedClientV0aB7EditingE9setUpAxis3url4axisy10Foundation3URLV_SStKF",
            "moduleName": "USDInteropAdvancedEditing",
            "declAttributes": [
              "AccessControl"
            ],
            "isFromExtension": true,
            "throwing": true,
            "funcSelfKind": "NonMutating"
          },
          {
            "kind": "Function",
            "name": "setPrimTransform",
            "printedName": "setPrimTransform(url:path:transform:)",
            "children": [
              {
                "kind": "TypeNominal",
                "name": "Void",
                "printedName": "()"
              },
              {
                "kind": "TypeNominal",
                "name": "URL",
                "printedName": "Foundation.URL",
                "usr": "s:10Foundation3URLV"
              },
              {
                "kind": "TypeNominal",
                "name": "String",
                "printedName": "Swift.String",
                "usr": "s:SS"
              },
              {
                "kind": "TypeNominal",
                "name": "USDTransformData",
                "printedName": "USDInterfaces.USDTransformData",
                "usr": "s:13USDInterfaces16USDTransformDataV"
              }
            ],
            "declKind": "Func",
            "usr": "s:22USDInteropAdvancedCore17USDAdvancedClientV0aB7EditingE16setPrimTransform3url4path9transformy10Foundation3URLV_SS13USDInterfaces16USDTransformDataVtKF",
            "mangledName": "$s22USDInteropAdvancedCore17USDAdvancedClientV0aB7EditingE16setPrimTransform3url4path9transformy10Foundation3URLV_SS13USDInterfaces16USDTransformDataVtKF",
            "moduleName": "USDInteropAdvancedEditing",
            "declAttributes": [
              "AccessControl"
            ],
            "isFromExtension": true,
            "throwing": true,
            "funcSelfKind": "NonMutating"
          },
          {
            "kind": "Function",
            "name": "setMaterialBinding",
            "printedName": "setMaterialBinding(url:primPath:materialPath:editTarget:)",
            "children": [
              {
                "kind": "TypeNominal",
                "name": "Void",
                "printedName": "()"
              },
              {
                "kind": "TypeNominal",
                "name": "URL",
                "printedName": "Foundation.URL",
                "usr": "s:10Foundation3URLV"
              },
              {
                "kind": "TypeNominal",
                "name": "String",
                "printedName": "Swift.String",
                "usr": "s:SS"
              },
              {
                "kind": "TypeNominal",
                "name": "String",
                "printedName": "Swift.String",
                "usr": "s:SS"
              },
              {
                "kind": "TypeNominal",
                "name": "USDLayerEditTarget",
                "printedName": "USDInterfaces.USDLayerEditTarget",
                "usr": "s:13USDInterfaces18USDLayerEditTargetO"
              }
            ],
            "declKind": "Func",
            "usr": "s:22USDInteropAdvancedCore17USDAdvancedClientV0aB7EditingE18setMaterialBinding3url8primPath08materialL010editTargety10Foundation3URLV_S2S13USDInterfaces012USDLayerEditO0OtKF",
            "mangledName": "$s22USDInteropAdvancedCore17USDAdvancedClientV0aB7EditingE18setMaterialBinding3url8primPath08materialL010editTargety10Foundation3URLV_S2S13USDInterfaces012USDLayerEditO0OtKF",
            "moduleName": "USDInteropAdvancedEditing",
            "declAttributes": [
              "AccessControl"
            ],
            "isFromExtension": true,
            "throwing": true,
            "funcSelfKind": "NonMutating"
          },
          {
            "kind": "Function",
            "name": "clearMaterialBinding",
            "printedName": "clearMaterialBinding(url:primPath:editTarget:)",
            "children": [
              {
                "kind": "TypeNominal",
                "name": "Void",
                "printedName": "()"
              },
              {
                "kind": "TypeNominal",
                "name": "URL",
                "printedName": "Foundation.URL",
                "usr": "s:10Foundation3URLV"
              },
              {
                "kind": "TypeNominal",
                "name": "String",
                "printedName": "Swift.String",
                "usr": "s:SS"
              },
              {
                "kind": "TypeNominal",
                "name": "USDLayerEditTarget",
                "printedName": "USDInterfaces.USDLayerEditTarget",
                "usr": "s:13USDInterfaces18USDLayerEditTargetO"
              }
            ],
            "declKind": "Func",
            "usr": "s:22USDInteropAdvancedCore17USDAdvancedClientV0aB7EditingE20clearMaterialBinding3url8primPath10editTargety10Foundation3URLV_SS13USDInterfaces012USDLayerEditN0OtKF",
            "mangledName": "$s22USDInteropAdvancedCore17USDAdvancedClientV0aB7EditingE20clearMaterialBinding3url8primPath10editTargety10Foundation3URLV_SS13USDInterfaces012USDLayerEditN0OtKF",
            "moduleName": "USDInteropAdvancedEditing",
            "declAttributes": [
              "AccessControl"
            ],
            "isFromExtension": true,
            "throwing": true,
            "funcSelfKind": "NonMutating"
          },
          {
            "kind": "Function",
            "name": "applyPrimitiveDefaults",
            "printedName": "applyPrimitiveDefaults(url:primPath:preset:)",
            "children": [
              {
                "kind": "TypeNominal",
                "name": "Void",
                "printedName": "()"
              },
              {
                "kind": "TypeNominal",
                "name": "URL",
                "printedName": "Foundation.URL",
                "usr": "s:10Foundation3URLV"
              },
              {
                "kind": "TypeNominal",
                "name": "String",
                "printedName": "Swift.String",
                "usr": "s:SS"
              },
              {
                "kind": "TypeNominal",
                "name": "USDPrimitiveDefaultsPreset",
                "printedName": "USDInteropAdvancedEditing.USDPrimitiveDefaultsPreset",
                "usr": "s:25USDInteropAdvancedEditing26USDPrimitiveDefaultsPresetO"
              }
            ],
            "declKind": "Func",
            "usr": "s:22USDInteropAdvancedCore17USDAdvancedClientV0aB7EditingE22applyPrimitiveDefaults3url8primPath6presety10Foundation3URLV_SSAD012USDPrimitiveI6PresetOtKF",
            "mangledName": "$s22USDInteropAdvancedCore17USDAdvancedClientV0aB7EditingE22applyPrimitiveDefaults3url8primPath6presety10Foundation3URLV_SSAD012USDPrimitiveI6PresetOtKF",
            "moduleName": "USDInteropAdvancedEditing",
            "declAttributes": [
              "AccessControl",
              "RawDocComment"
            ],
            "isFromExtension": true,
            "throwing": true,
            "funcSelfKind": "NonMutating"
          },
          {
            "kind": "Function",
            "name": "applySchema",
            "printedName": "applySchema(url:primPath:schema:)",
            "children": [
              {
                "kind": "TypeNominal",
                "name": "Void",
                "printedName": "()"
              },
              {
                "kind": "TypeNominal",
                "name": "URL",
                "printedName": "Foundation.URL",
                "usr": "s:10Foundation3URLV"
              },
              {
                "kind": "TypeNominal",
                "name": "String",
                "printedName": "Swift.String",
                "usr": "s:SS"
              },
              {
                "kind": "TypeNominal",
                "name": "USDSchemaSpec",
                "printedName": "USDInterfaces.USDSchemaSpec",
                "usr": "s:13USDInterfaces13USDSchemaSpecV"
              }
            ],
            "declKind": "Func",
            "usr": "s:22USDInteropAdvancedCore17USDAdvancedClientV0aB7EditingE11applySchema3url8primPath6schemay10Foundation3URLV_SS13USDInterfaces13USDSchemaSpecVtKF",
            "mangledName": "$s22USDInteropAdvancedCore17USDAdvancedClientV0aB7EditingE11applySchema3url8primPath6schemay10Foundation3URLV_SS13USDInterfaces13USDSchemaSpecVtKF",
            "moduleName": "USDInteropAdvancedEditing",
            "declAttributes": [
              "AccessControl"
            ],
            "isFromExtension": true,
            "throwing": true,
            "funcSelfKind": "NonMutating"
          },
          {
            "kind": "Function",
            "name": "listVariantSets",
            "printedName": "listVariantSets(url:scope:)",
            "children": [
              {
                "kind": "TypeNominal",
                "name": "Array",
                "printedName": "[USDInterfaces.USDVariantSetDescriptor]",
                "children": [
                  {
                    "kind": "TypeNominal",
                    "name": "USDVariantSetDescriptor",
                    "printedName": "USDInterfaces.USDVariantSetDescriptor",
                    "usr": "s:13USDInterfaces23USDVariantSetDescriptorV"
                  }
                ],
                "usr": "s:Sa"
              },
              {
                "kind": "TypeNominal",
                "name": "URL",
                "printedName": "Foundation.URL",
                "usr": "s:10Foundation3URLV"
              },
              {
                "kind": "TypeNominal",
                "name": "USDVariantScope",
                "printedName": "USDInterfaces.USDVariantScope",
                "usr": "s:13USDInterfaces15USDVariantScopeO"
              }
            ],
            "declKind": "Func",
            "usr": "s:22USDInteropAdvancedCore17USDAdvancedClientV0aB7EditingE15listVariantSets3url5scopeSay13USDInterfaces23USDVariantSetDescriptorVG10Foundation3URLV_AH0M5ScopeOtKF",
            "mangledName": "$s22USDInteropAdvancedCore17USDAdvancedClientV0aB7EditingE15listVariantSets3url5scopeSay13USDInterfaces23USDVariantSetDescriptorVG10Foundation3URLV_AH0M5ScopeOtKF",
            "moduleName": "USDInteropAdvancedEditing",
            "declAttributes": [
              "AccessControl"
            ],
            "isFromExtension": true,
            "throwing": true,
            "funcSelfKind": "NonMutating"
          },
          {
            "kind": "Function",
            "name": "createPrim",
            "printedName": "createPrim(url:parentPath:name:typeName:)",
            "children": [
              {
                "kind": "TypeNominal",
                "name": "String",
                "printedName": "Swift.String",
                "usr": "s:SS"
              },
              {
                "kind": "TypeNominal",
                "name": "URL",
                "printedName": "Foundation.URL",
                "usr": "s:10Foundation3URLV"
              },
              {
                "kind": "TypeNominal",
                "name": "String",
                "printedName": "Swift.String",
                "usr": "s:SS"
              },
              {
                "kind": "TypeNominal",
                "name": "String",
                "printedName": "Swift.String",
                "usr": "s:SS"
              },
              {
                "kind": "TypeNominal",
                "name": "String",
                "printedName": "Swift.String",
                "usr": "s:SS"
              }
            ],
            "declKind": "Func",
            "usr": "s:22USDInteropAdvancedCore17USDAdvancedClientV0aB7EditingE10createPrim3url10parentPath4name8typeNameSS10Foundation3URLV_S3StKF",
            "mangledName": "$s22USDInteropAdvancedCore17USDAdvancedClientV0aB7EditingE10createPrim3url10parentPath4name8typeNameSS10Foundation3URLV_S3StKF",
            "moduleName": "USDInteropAdvancedEditing",
            "declAttributes": [
              "AccessControl",
              "RawDocComment"
            ],
            "isFromExtension": true,
            "throwing": true,
            "funcSelfKind": "NonMutating"
          },
          {
            "kind": "Function",
            "name": "existingPrimNames",
            "printedName": "existingPrimNames(url:parentPath:)",
            "children": [
              {
                "kind": "TypeNominal",
                "name": "Array",
                "printedName": "[Swift.String]",
                "children": [
                  {
                    "kind": "TypeNominal",
                    "name": "String",
                    "printedName": "Swift.String",
                    "usr": "s:SS"
                  }
                ],
                "usr": "s:Sa"
              },
              {
                "kind": "TypeNominal",
                "name": "URL",
                "printedName": "Foundation.URL",
                "usr": "s:10Foundation3URLV"
              },
              {
                "kind": "TypeNominal",
                "name": "String",
                "printedName": "Swift.String",
                "usr": "s:SS"
              }
            ],
            "declKind": "Func",
            "usr": "s:22USDInteropAdvancedCore17USDAdvancedClientV0aB7EditingE17existingPrimNames3url10parentPathSaySSG10Foundation3URLV_SStKF",
            "mangledName": "$s22USDInteropAdvancedCore17USDAdvancedClientV0aB7EditingE17existingPrimNames3url10parentPathSaySSG10Foundation3URLV_SStKF",
            "moduleName": "USDInteropAdvancedEditing",
            "declAttributes": [
              "AccessControl",
              "RawDocComment"
            ],
            "isFromExtension": true,
            "throwing": true,
            "funcSelfKind": "NonMutating"
          },
          {
            "kind": "Function",
            "name": "applyVariantSelection",
            "printedName": "applyVariantSelection(url:request:editTarget:persist:)",
            "children": [
              {
                "kind": "TypeNominal",
                "name": "Void",
                "printedName": "()"
              },
              {
                "kind": "TypeNominal",
                "name": "URL",
                "printedName": "Foundation.URL",
                "usr": "s:10Foundation3URLV"
              },
              {
                "kind": "TypeNominal",
                "name": "USDVariantSelectionRequest",
                "printedName": "USDInterfaces.USDVariantSelectionRequest",
                "usr": "s:13USDInterfaces26USDVariantSelectionRequestV"
              },
              {
                "kind": "TypeNominal",
                "name": "USDVariantEditTarget",
                "printedName": "USDInterfaces.USDVariantEditTarget",
                "usr": "s:13USDInterfaces20USDVariantEditTargetO"
              },
              {
                "kind": "TypeNominal",
                "name": "Bool",
                "printedName": "Swift.Bool",
                "usr": "s:Sb"
              }
            ],
            "declKind": "Func",
            "usr": "s:22USDInteropAdvancedCore17USDAdvancedClientV0aB7EditingE21applyVariantSelection3url7request10editTarget7persisty10Foundation3URLV_13USDInterfaces010USDVariantI7RequestVAM0r4EditM0OSbtKF",
            "mangledName": "$s22USDInteropAdvancedCore17USDAdvancedClientV0aB7EditingE21applyVariantSelection3url7request10editTarget7persisty10Foundation3URLV_13USDInterfaces010USDVariantI7RequestVAM0r4EditM0OSbtKF",
            "moduleName": "USDInteropAdvancedEditing",
            "declAttributes": [
              "AccessControl"
            ],
            "isFromExtension": true,
            "throwing": true,
            "funcSelfKind": "NonMutating"
          }
        ],
        "declKind": "Struct",
        "usr": "s:22USDInteropAdvancedCore17USDAdvancedClientV",
        "mangledName": "$s22USDInteropAdvancedCore17USDAdvancedClientV",
        "moduleName": "USDInteropAdvancedCore",
        "isExternal": true,
        "conformances": [
          {
            "kind": "Conformance",
            "name": "Sendable",
            "printedName": "Sendable",
            "usr": "s:s8SendableP",
            "mangledName": "$ss8SendableP"
          },
          {
            "kind": "Conformance",
            "name": "SendableMetatype",
            "printedName": "SendableMetatype",
            "usr": "s:s16SendableMetatypeP",
            "mangledName": "$ss16SendableMetatypeP"
          },
          {
            "kind": "Conformance",
            "name": "Copyable",
            "printedName": "Copyable",
            "usr": "s:s8CopyableP",
            "mangledName": "$ss8CopyableP"
          },
          {
            "kind": "Conformance",
            "name": "Escapable",
            "printedName": "Escapable",
            "usr": "s:s9EscapableP",
            "mangledName": "$ss9EscapableP"
          }
        ]
      }
    ],
    "json_format_version": 8
  },
  "ConstValues": []
}